TBX18	7
TWIST2	7.5
RFX8	8
PRRX1	9.667
GLIS1	10.33
ZNF469	20
RUNX2	23.8
EPAS1	26.75
TSHZ3	29.33
BNC2	33.67
FOXC2	35.33
TWIST1	38.5
PRRX2	40.33
AEBP1	42.5
OSR1	45
FOXL1	46.33
TCF4	48.8
MKX	51
GLI3	51
TCF21	52.5
GLI2	57.33
SNAI1	58
AHR	58.8
PPARG	59.6
SETBP1	60.67
GLIS2	60.67
EBF2	61
FOXD1	61.5
FOXS1	63
GLIS3	63.33
HEYL	63.67
SHOX2	64.33
SNAI2	67.5
NFATC4	72.67
NR2F2	77.2
EBF3	81.33
MEOX2	81.67
RARB	84
ZEB1	84
ZFHX4	88
NPAS3	89.33
HIC1	91.33
PBX1	91.5
NFIB	92.5
MEOX1	95.33
HEY2	96.33
KLF12	97
FOXF1	97.33
OSR2	99.33
ATOH8	99.67
ELK3	100
EBF1	102.4
HEY1	103.7
BCL6B	107
ZBED6	109
JUN	113.2
KLF9	114.3
ZEB2	114.5
NR3C1	116.2
NR4A3	117.3
HIF1A	117.6
DACH1	120
RUNX1	121.2
MSC	121.7
MITF	122.8
ZNF521	125
CREB3L2	125
SOX9	127.4
NR2F1	127.8
CEBPB	130.7
NR1H3	133.6
SOX11	133.6
TCF7L2	134.2
HMGA2	135
PGR	135.8
MEIS2	136.3
ZNF704	137.7
TBX3	141.3
ETV1	143.3
KLF7	146.7
PBX3	147.4
POU3F2	148.8
GATA6	149.8
ESR1	151.2
SP7	153
ATF3	154.2
KLF6	154.5
FOSL1	156.6
TEAD1	159.5
HOXC6	161.3
BHLHE22	162.3
ZNF229	162.5
CEBPD	168
BACH1	170
HOXA3	170.7
JDP2	171.3
ETS1	171.5
BHLHE40	172.8
ZNF883	173
SOX2	173.8
TRPS1	174
SOX17	174.8
SOX18	177.3
ZNF354C	177.3
FOSB	179
TCF12	179.2
EGR1	181.5
SMAD3	182
TBX5	183
ZNF117	183
NKX63	184
ERG	185
ZIC1	187
ZNF385B	191
FOXO1	191.2
CSRNP1	192
HDX	193.7
DLX2	195.7
ZNF536	196
ARNT2	196.3
FOXP2	197.2
PRDM6	197.3
CSRNP3	197.5
STAT5A	198
ZNF697	199.7
ZNF618	200.3
ZBTB38	200.7
HOXC8	200.7
ZBTB16	201
ZNF532	201
FOSL2	201.6
NKX26	202.5
ZNF385D	202.7
GATA4	206.4
BHLHE41	208.5
NFIA	209
EGR2	211.7
HOXA11	212
SIM1	214.3
MEF2C	218.2
ZNF608	218.3
HOXD8	218.7
TET1	218.7
ZNF804A	219
TCF7L1	221.7
CEBPA	223.4
PLSCR1	227
NR4A1	227
TEAD3	227.3
THRB	230.7
ZNF462	231.3
MEF2A	234
GBX2	234.8
TBX2	235
CREB5	235
HOXB4	235.3
ZNF365	236
NFIL3	236.3
LHX6	236.7
SOX6	238.5
FOXC1	239.7
RORB	239.7
NKX61	242
ZIC3	242.8
SOX8	243.7
HOXB2	244.7
MBNL2	244.7
ETS2	247
TBX20	247.3
AR	247.6
OLIG2	248.3
ZNF366	249.3
NKX62	249.5
MSANTD3	250
MEIS1	250.8
NR4A2	251
ZBTB10	253.3
NFIC	255.8
ZSCAN23	258.7
FOXF2	259
HOXB3	259
ARID5B	260.3
PRDM5	262.3
ALX4	263.3
IRX1	264.3
PRDM16	264.8
NKX25	266.5
TSC22D1	271.7
STAT3	274
ZHX3	274
HAND1	274.3
SALL1	274.8
CREBL2	275.3
SALL3	276
NFATC2	276.7
LEF1	278.5
ZNF423	279
MSX1	282.7
FOXG1	283.7
HOXA2	284.5
ZNF503	284.7
SOX10	285.5
HOXD10	285.7
ZSCAN18	287.7
ZFP28	289
MXD1	289.7
HOXB7	291
SMAD9	291.3
KLF2	292.3
FLI1	293
NR0B1	296.3
GATA2	296.3
SIX2	296.5
DZIP1	297.7
TEAD2	298.3
ZIC4	299
ARNTL	299.5
SATB1	301.3
ZFHX3	301.3
GLMP	302
OLIG1	302.3
NFIX	305
LHX9	305.3
BCL6	305.4
ELF1	306
MSX2	306.3
SOX7	306.7
ARNT	311
BCL11A	314.8
TET2	316.5
NFE2L2	316.6
ZNF853	320.5
ZFP90	321
PURG	321
PAX6	321.2
SOX13	321.3
GLI1	322.5
ST18	322.7
TFAP2C	324.5
NR1D2	324.7
CXXC5	325
ESR2	327
HOXD4	328
MYB	328.3
JUNB	330
DLX1	330.3
POU3F3	330.3
ZNF792	330.7
WT1	331.3
MXI1	331.4
TSHZ2	332
HES1	332
ZNF518B	332.7
ZBTB14	335.5
GCM1	335.7
MYRF	336.5
NACC2	339.5
BCL11B	340.3
THRA	341.5
HOXA9	343.3
MYT1	344.3
FOS	344.8
TFAP2B	346.3
ZIC2	347.3
GATA1	349.8
NKX31	351
PLAGL1	352
FOXO4	353.7
KCNIP3	354
VDR	354.6
TAL1	357.5
SP9	357.5
HAND2	357.7
FOXA1	358
EOMES	358.6
MTF1	359
NKX22	359
MAFF	361.8
TBX15	362
NCOA1	362
FOXN3	363.3
ZMAT4	366.3
KLF11	367.7
EN2	367.7
ZBED3	368
FOXP1	368.6
ZBTB18	369
TCF7	369.4
FOXA2	369.5
MEIS3	369.7
PEG3	372
SALL2	373.3
KLF5	375.2
PLAG1	375.3
HOXD3	376.3
ZNF488	377
LHX2	377.5
CXXC4	379.3
ZNF91	380.7
HNF1B	381
KLF4	381.6
DACH2	382.7
PRDM8	383
DMRTA1	384
OTX2	384.3
ELF5	384.6
ZNF217	385.3
IKZF1	386.2
NFATC1	388
FOXO3	388.3
HLF	388.3
PRDM1	388.8
DBX2	389
ATF7	389.8
NHLH2	391
HBP1	391.3
TRERF1	392
C11ORF95	393
ZNF334	393.3
JAZF1	393.3
ZNF449	394
PROX1	394.8
ZNF311	395
KLF10	395.3
ZNF436	395.7
GTF2B	395.8
KLF13	396
ZNF25	396
RBPJ	396.4
HOXB5	397.3
IRF1	401
PAX8	401.5
SMAD1	404
ZNF418	406.3
HLX	406.7
SREBF1	406.8
MYCN	407.8
SOX4	408.7
GATA3	410.2
RELB	410.3
RARG	412.3
MAFK	412.4
NR3C2	412.7
SIX5	414
TSHZ1	415.3
HOXD13	415.5
CUX1	415.8
ZNF407	416.3
ARX	416.3
CREB1	417.5
ZNF248	418
RUNX3	418.6
GFI1B	419
MYOD1	419.4
POU6F1	420.7
ZNF404	420.7
ZNF354B	420.7
NPAS4	423
CREB3L1	423.5
GRHL2	423.6
NANOG	424.3
ZNF362	427.7
MAFG	427.8
ZNF175	428.3
EBF4	431.7
LMX1B	432
FOXN2	432.3
CLOCK	436.2
MAFB	436.3
PURB	436.5
ZNF214	436.7
BACH2	437
ZNF331	437.7
SOX1	438
RXRA	438
LMX1A	438
ZNF30	439
NR2E1	441.7
SIX1	443
CAMTA1	444.3
HOXA13	445
HNF4A	446.8
ZNF438	447
NFE4	447
KDM5B	447
ZNF267	448.7
PAX3	450.3
LHX8	454.3
POU3F4	455
HOXB13	455
LTF	456.5
PDX1	457.6
SOX21	458.3
CUX2	459.7
GPBP1L1	462
PITX2	463
RREB1	465
ZBTB4	465
ZNF280A	466.3
HMGN3	467
NFE2	467.4
REL	468
RARA	468.2
HIVEP2	468.3
ISL1	468.3
ZNF286B	468.5
RBSN	468.5
FOXD2	469
ZNF112	469.5
ZFP37	471
HNF4G	471.8
EMX2	472.7
ZKSCAN2	472.7
LHX1	473
ETV5	473.7
SALL4	474.5
BATF	474.8
IRX2	475
SKIL	476.3
TP63	476.6
ZNF75D	476.7
HIVEP3	477.7
ZNF322	478.5
EGR4	478.7
SRF	478.8
SATB2	480
GABPA	480.3
RBPJL	481.3
JUND	481.8
DPF3	483.3
ZSCAN25	483.5
ZNF711	485
MAX	485.8
ZHX2	486.8
HMBOX1	487
TFEC	487.7
SCRT2	488
ZNF274	488.2
REST	488.2
MYC	488.7
ELK4	489
ARID3A	491
NFKB2	491.8
ZFPM2	493
RELA	493.5
ZNF652	493.8
ETV6	494.8
ALX1	495
ZFP1	495.3
HHEX	496.3
NFAT5	496.3
KLF15	496.7
AHRR	497
TEF	497.7
ZNF655	498.3
STAT1	499.8
ZIC5	500.3
DUX4	500.5
NEUROD1	501.5
FOXE1	501.7
HOXA6	501.7
PPARD	501.8
ESRRG	502
SPI1	504.8
ZNF665	505
HIF3A	505.3
FOXP3	507.5
ZNF621	508
SMAD4	508.8
FERD3L	509
TBR1	509.3
TFAP2A	509.7
NFE2L3	510.7
ZNF641	511.3
ATF1	513
HOXA5	515
ZNF395	516.7
ASCL1	516.8
ZNF382	517.7
NEUROD6	517.7
CREM	518.4
ZNF34	518.7
PKNOX2	519.3
ZBED2	520.7
TFCP2L1	521
BNC1	521.3
DMRT2	522
IRF2	522
ZNF329	522.7
ZFP3	523
SMYD3	523
CTCFL	523.2
NFKB1	524
PHOX2B	524
RAG1	524.7
NFATC3	525
SKI	525.5
HIVEP1	526
ZNF827	527
EEA1	527.3
HOXD9	529
ESRRB	530.5
MAF	531
NR5A1	532
ZNF415	532.7
NPAS2	532.7
PHF21A	533
HES6	535.3
SMAD5	536
MYT1L	537.3
IRF4	537.4
ELK1	542.4
MYF5	543
SOX5	543.7
SP1	544.4
KLF3	544.8
ZNF578	545.7
XBP1	545.8
ZNF394	547.3
TEAD4	547.5
IRX6	547.7
ZNF287	548.7
FOXL2	549.3
MYBL1	550.3
GZF1	551.3
NANOGP8	552.5
ZNF208	553.3
RFX3	555
STAT6	556.3
ZNF595	556.5
ARID5A	557.5
STAT5B	558.8
ZNF80	559.3
ZNF746	560.3
ZNF177	560.3
GCM2	561.7
NKX32	564
DLX5	564.3
ATF2	564.6
ARID3B	565.5
TBXT	565.8
TBP	566.6
HOXD11	567.3
KLF8	568
HSF2	568.3
ZNF71	569
ZNF471	569
VEZF1	571.7
PAX5	572.2
ZNF467	573.3
E2F4	573.5
HOXC9	573.8
SCML4	576.3
BARHL2	576.3
RORA	576.7
STAT2	577.8
ZNF70	578.3
HOXC5	578.3
HOXC11	580
ZNF157	582
FEZF2	582
NEUROD2	584
ZNF781	584.3
SGSM2	586
EGR3	586
DPF1	586.3
FOXM1	587
ZNF337	587.3
HOXC4	587.7
POU5F1	589.2
CDX2	589.6
MXD4	591
ZNF800	591
CGGBP1	591
CTCF	593
ZNF428	593.7
ZBTB8A	594
ATOH1	594
NR5A2	594.5
ZBED1	594.8
ZBTB41	597.7
NCOA3	597.8
ETV4	600.3
SOHLH1	601
NR1H2	601
POU4F1	602.3
IKZF4	602.7
ZNF676	604.7
NFE2L1	604.8
MSANTD4	605
LYL1	605.2
FOXI1	606
BATF3	606.7
NKX23	607.5
POU2F1	608.3
ZHX1	608.8
SPDEF	609.3
FAM200B	609.5
MYBL2	609.8
ZFX	612.6
SP3	612.7
DLX6	613.3
ATF6	614.3
ZKSCAN1	614.4
IRX5	615
SETDB1	615.2
ZBTB47	616
CPEB1	617
STAT4	617.5
ZFP30	618.3
POU3F1	619.5
ZNF470	620.7
ELF3	622
ZNF727	622
AIRE	622.7
FOXQ1	623
HOXA1	623.3
MAFA	623.7
L3MBTL3	625
MBD2	625.5
ZBTB43	626.3
E2F7	626.6
USF2	627
IKZF2	628.7
MEF2B	629.5
SKOR1	630
NKX21	630.5
ZBTB21	631
BARHL1	632.7
ZSCAN16	633.7
TFEB	633.8
ZSCAN1	637.3
NEUROD4	637.7
ZNF391	638
SREBF2	638
PPARA	639
ZNF385A	639.3
FEZF1	639.3
ZIK1	640
ZBTB34	640
ZNF429	640
KMT2A	640
THAP11	640.4
ZNF639	640.5
USF3	640.5
NCOA2	641.3
ONECUT2	642
E2F1	642.7
ZNF552	643.3
ZNF831	643.7
NFYB	643.8
SP2	644.2
XPA	644.3
ZNF808	644.3
TBX4	644.7
TCF3	644.7
TBX21	645.8
ARNTL2	646
GSC	646.3
TIGD3	646.3
DMTF1	646.3
ZNF219	647
ESRRA	647
GTF2IRD2	647.3
POU2F2	647.6
INSM1	648.7
DEAF1	650
VAX1	650.3
PRDM14	650.4
ATF4	650.5
MTF2	650.7
ZNF384	651
PBX4	651.7
FEV	652
ETV3L	652.3
HOXB9	652.7
ZFP82	652.7
LHX5	653.3
ZBTB8B	653.5
NR1D1	655.3
EMX1	655.3
ZNF254	655.3
ZNF671	655.7
GTF2IRD1	657.5
USF1	657.6
ZXDA	658
HOXD12	658
ZNF484	658.3
EHF	658.8
TGIF2	659
FOXD3	659
OTP	660.3
HSF1	660.6
TP53	660.6
ZNF667	660.7
PAX7	661
ZFP57	662.3
ZNF114	662.3
DDIT3	663
VSX2	663
NR1I2	663.3
ETV3	665
SRY	665.3
GFI1	665.3
TGIF1	665.3
RFX4	666
GRHL1	666.3
DMRT1	668.3
HOXA4	668.7
TIGD1	670
ZNF648	671.3
ZNF281	671.3
SOX3	671.7
LCORL	671.7
GSX2	672
ZNF713	672.7
FOXD4L5	674
NRF1	675
POU6F2	675
POU4F2	677.3
FOXI3	679
ZNF300	680.7
NR2E3	682.5
NEUROG2	684.3
CSRNP2	686
ZNF575	686.3
ZNF263	686.3
SP4	686.6
ZNF835	686.7
HOXB8	687
ZNF285	687
SOX14	688.3
PCGF2	689
HES4	693.3
ZNF493	694
FOXE3	694
ZNF22	694.7
ZNF165	695.8
TLX2	697
ELF4	697.3
NR2C2	698.2
GTF2IRD2B	698.7
ZNF708	699.3
ZNF442	700.3
ZNF184	700.7
EN1	701
VSX1	702
AEBP2	702.7
SP110	703.3
GLYR1	704.3
POU1F1	704.7
ZBTB33	705.4
TFE3	705.7
MECOM	706
VENTX	707.3
ZNF460	708
KLF1	708.4
MTERF2	709.5
ZMAT1	709.7
MBD4	710
ZNF626	710.3
ZNF354A	711
IRX3	711.3
ZBTB24	711.7
ZNF703	711.7
OVOL2	712
PURA	712.5
ZNF649	713
ZNF528	713.3
CREB3L4	714
TLX3	714.3
ZNF396	714.3
PAX1	715.7
FOXD4L1	715.7
ZXDB	715.7
TAL2	716.3
ZNF516	717.3
ZXDC	718.3
ZNF699	719.7
SNAI3	720
ZNF880	720.5
ZNF624	721.3
ZSCAN30	722
ZNF483	722
ZKSCAN3	722.3
PBX2	723.3
PRDM9	726
HINFP	727.3
ZBTB7A	727.6
FOXJ2	728
AHDC1	728
ZNF32	728
HOXA7	729
ZBTB46	729.3
DMRT3	730
CREB3L3	731
ZNF843	731.3
HES3	732
MEF2D	732.7
GATA5	733.3
RLF	734
ZNF280D	734
IRF9	734.5
HES5	734.7
E2F6	735
ZSCAN21	735.7
CBX2	736.2
RFX6	736.3
CRX	736.8
IRF8	736.8
IRX4	738.3
TERF1	740.3
MNX1	740.5
ZNF24	740.5
ZNF454	742
ZNF569	742.3
VAX2	743.7
ZNF793	744
HOXC10	745.7
ZNF627	745.7
CEBPE	746
ZNF788P	748
ZNF565	748
POGK	748
ZNF275	748.7
AKNA	750.3
ZNF148	750.7
SIX4	751.3
ZNF586	752.3
THAP1	752.6
ZNF491	753.7
POU5F1B	754.5
ZNF358	755
SCMH1	755.5
ZNF519	756
LIN28B	756.7
YY1	758.7
FOXK2	759
ONECUT1	759.3
LHX4	759.3
LBX2	761
DRGX	763.3
TCF23	765
ZNF540	765.7
ZBTB2	766
HOXD1	766.3
ZNF658	768
CAMTA2	768
TET3	769.3
ZSCAN10	769.7
ATOH7	771
GSX1	771.3
OLIG3	771.3
HOXA10	771.7
RAX	771.7
CEBPG	772.8
E2F3	773
ZNF654	773.3
SP6	773.3
YY2	773.7
PHOX2A	775.3
SP8	776
ZNF606	776
NHLH1	776
ZNF774	776.3
ZNF197	778.3
ZNF600	778.3
ZNF101	779
TCF24	779.7
ZFAT	780
ZNF730	780
ZNF343	780.7
PAX2	782.7
ZNF583	783.7
ZBTB7C	784
ZNF507	784
FOXD4L4	784.5
ZNF443	784.7
ZNF98	785.3
YBX3	785.5
ZNF804B	786.7
ZZZ3	787
ZNF502	788.3
NEUROG1	790.3
FOXD4L6	790.5
ZNF317	793.3
ZNF772	793.7
DUXA	795.3
ZFP69B	796
ZNF548	796.3
RFX5	798
ZNF710	798.3
ZNF134	800
TCF15	800
NFXL1	803.3
HOXB6	803.7
TERF2	807.3
ZNF319	807.3
FOXD4	807.7
ZNF805	808.7
ZBTB20	809.3
PRDM4	810
ZNF135	810
ZNF154	811.3
ZNF143	811.4
ZNF341	811.7
ZNF486	812
TFDP1	812.8
SOHLH2	816.3
ZNF264	816.7
ZNF558	817.3
IKZF5	817.3
MYOG	817.5
FOXJ3	818
MESP1	818
TFDP2	818.7
SP100	819.3
ZKSCAN8	819.5
PITX3	819.7
MNT	821
ZBTB11	821
ZNF582	821.3
ZNF644	821.8
ZNF584	822.3
ZNF474	822.7
LCOR	823
CASZ1	823.7
SP5	823.7
ZSCAN26	824
ZFHX2	824
ZSCAN9	824.5
ZBTB26	825.3
HNF1A	825.3
ZBTB37	827
NEUROG3	827.7
UBP1	828
NFYA	828.4
DLX4	828.8
ZNF766	830.5
ZNF83	830.8
TIGD4	831
TBX19	832
ZNF682	833.3
SHOX	834.3
POU4F3	834.3
ASCL3	835.7
MLX	836
BHLHA9	836
SNAPC2	836.5
RFX2	836.5
ZNF836	836.7
ZNF662	837
ZNF383	837.3
ADNP	837.5
RORC	837.7
ZFP42	839
ZSCAN5A	839.3
TFAP2E	839.7
ZNF750	840.5
MYF6	841.3
ZFP14	844.7
PTF1A	845
FOXR2	845.7
ATF5	846.3
ZNF589	847.5
HMX1	849
CEBPZ	849.4
ISX	850.3
DMBX1	852.7
UNCX	853
CREB3	853.3
FOXK1	853.8
SPIB	853.8
ZNF501	854
ZNF610	854
ZNF775	854
ZNF785	855
HOXC12	855.3
HOXB1	855.3
MLXIP	855.3
ZNF84	855.7
ZNF286A	856
ZNF181	856.7
ZNF782	857
ZNF350	857
ZNF556	857.3
IRF6	858
TRAFD1	860.3
ZNF821	860.7
SCRT1	861
ZFP2	862.3
ZNF318	862.8
ZNF675	863.7
PRDM2	864
ASH1L	864
HSFY2	864.5
ZNF441	864.7
TCFL5	865
DLX3	865
HMG20A	865.3
ZNF497	865.3
ZNF543	866
TIGD6	866.7
ZNF41	866.7
SPEN	867.5
ZNF778	868
NR2F6	868.8
PROP1	869
MECP2	869.7
ZFP92	870
DMRTA2	870
ZNF8	871
THYN1	872
SIX3	872
ZNF717	872.7
BAZ2B	873
ZNF223	874
IRF3	874
ZNF625	875
OVOL1	876
ZNF18	877.7
KDM2A	878
ZNF700	878.7
ZNF732	880
ZNF597	880.3
ZNF709	881
AKAP8	882.7
RHOXF2	884
ZNF23	884.3
ZNF346	885
ZNF547	886.3
NAIF1	888.5
ZNF420	889
NRL	889
PHF20	889.3
MYRFL	889.5
ZNF585A	890.3
ZNF615	890.3
ZNF566	890.3
ZNF726	890.5
ZNF568	891.7
PA2G4	892.5
THAP2	893
TFAP2D	893.7
ZNF276	894
ZNF35	896
ZNF512	897.7
OTX1	897.7
ZNF251	898.3
HES2	900
ZNF841	900.3
ZNF718	900.3
HES7	900.7
BHLHE23	901
E2F2	901.3
ZNF701	903.7
ZNF506	904.3
ZNF549	904.7
TIGD7	904.7
MAZ	905.4
ZNF81	906
ZGLP1	906
TP73	907
E2F5	909.3
ZNF573	909.3
ZNF33B	909.7
SIM2	910.3
BRF2	911.3
ZBTB12	912.3
ZNF207	913
KAT7	913
ZNF189	914
ZNF510	914.7
KMT2B	915
ZNF333	915.3
ZNF461	915.3
BPTF	915.5
ZNF226	916
POU2F3	916
TBPL2	916.5
ZNF250	916.7
FOXB1	917.3
PRDM15	917.3
ZFP64	918.7
SIX6	919.3
ZNF266	919.7
HIC2	920.3
ZNF784	921.3
TIGD2	921.7
ZBTB1	922
RXRG	922.7
ZNF398	922.7
ZNF440	925.7
ZBTB25	927
ZNF660	927.3
ZNF585B	927.7
ZNF596	930.3
KLF14	931.5
ZNF534	931.5
ISL2	931.7
ZNF763	932.3
ZNF99	934.3
ZNF132	935
ZNF623	935.7
ZNF138	936
PAX4	936
ANHX	936
GRHL3	936.3
ZFY	937
DNTTIP1	937.5
DBX1	937.7
ARID2	938.3
RFX7	939.3
ZNF345	939.3
THAP10	940.7
ARGFX	940.7
ZBTB49	941.5
ZNF844	942
FOXB2	942
SP140	943
ZNF230	943.7
MSGN1	943.7
THAP8	944.3
NR1H4	945.3
L3MBTL1	946.5
ASCL4	948.3
DBP	949
SPIC	950
ZNF587B	950
ZNF257	951
NKRF	951.3
LIN28A	951.5
MESP2	951.7
TBX10	953
ZNF439	953.3
MGA	953.3
TFDP3	954
ZBTB6	954.7
AHCTF1	955
ZNF605	955.3
ZNF780A	959
ZNF3	960.7
ZNF212	960.7
MYPOP	961.5
ZNF74	962.3
ZNF529	964
ZNF737	964
CENPA	964.5
CCDC17	965
ZNF425	965
ZNF432	966.3
ZNF846	967.3
ZNF780B	967.7
CENPB	968
ZNF487	968.3
ZNF253	968.3
ZNF680	969
TBX1	969
ZNF577	969.3
ZNF679	970
ZNF433	970.3
ZNF304	971
CDX1	971
ZNF799	971.3
PKNOX1	972
PIN1	972.5
ARID3C	974
SOX12	974.7
SP140L	975.5
HMG20B	975.7
ZNF526	975.7
BARX1	976.3
ZNF592	977.8
DPRX	979.3
GATAD2B	979.7
ZNF260	981
ZNF92	982.3
ZNF133	983.3
FOXH1	984
ZNF367	985.3
L3MBTL4	986
ZNF234	986.3
ZNF221	986.7
ZBTB32	988.7
HMGA1	990
LIN54	991
MXD3	992
ZBTB44	992.3
ZKSCAN4	995.3
ZNF629	996
HESX1	996.3
PAX9	996.7
NFX1	996.7
ZNF599	998.7
ZBTB5	998.7
ZNF236	999.3
ZNF347	999.7
ZBTB22	999.7
MYCL	1002
FOXJ1	1002
ZBED5	1003
TFAP4	1003
FOXD4L3	1003
REPIN1	1003
FOXI2	1004
LBX1	1004
ZNF594	1005
ZNF740	1005
ZNF43	1005
ZNF572	1006
ZNF200	1007
RHOXF1	1007
CARF	1007
ZNF445	1007
MSANTD1	1008
ZNF664	1008
IRF7	1008
ZNF44	1008
TGIF2LX	1011
ETV2	1011
ZNF16	1012
ZNF426	1012
NKX12	1014
ZNF706	1014
NFYC	1014
ZNF431	1015
ZNF554	1015
DNMT1	1016
ZNF561	1016
ZBTB48	1018
ZNF284	1019
NR1I3	1020
NME2	1020
CHCHD3	1021
SETDB2	1021
KLF16	1022
ZNF559	1022
ELF2	1023
ZBTB40	1023
CPXCR1	1024
ZSCAN2	1025
FBXL19	1026
ZNF611	1026
ZNF560	1027
LHX3	1028
ADNP2	1028
NR2C1	1029
ZFP41	1029
ETV7	1030
HSFY1	1031
ZNF581	1031
ZNF182	1031
ZNF562	1032
ANKZF1	1032
BBX	1032
ZNF296	1034
JRKL	1036
ZNF480	1036
ASCL2	1036
DOT1L	1036
ZSCAN32	1037
ZNF233	1039
ZNF75A	1039
ZNF524	1040
BARX2	1040
GBX1	1041
SOX15	1041
ZNF20	1042
ZFP69	1042
KCMF1	1042
ZNF320	1044
ZNF408	1046
ZNF2	1046
ZNF19	1046
FIZ1	1046
ZNF555	1047
MBD3	1048
ZNF10	1048
SON	1049
IKZF3	1051
BSX	1052
ZNF764	1052
TCF20	1053
ZNF490	1056
ZNF280C	1056
IRF5	1057
ZNF211	1058
ZNF677	1060
HSFX1	1061
ZNF222	1062
NPAS1	1062
ZNF479	1063
ZNF492	1063
ZNF546	1064
POU5F2	1065
ZFP62	1065
ZSCAN20	1065
ZNF571	1068
FAM170A	1068
ZNF576	1070
EVX1	1072
ZNF736	1072
ZNF12	1072
ZNF69	1072
PRDM12	1072
ZNF33A	1073
DMRTB1	1075
ATMIN	1076
ZNF544	1076
TBX6	1076
FOXO6	1076
ZNF14	1077
RFX1	1077
NOTO	1078
HOXC13	1078
ZNF496	1079
ZNF761	1079
ZNF768	1079
ZSCAN31	1080
ZNF563	1081
ZNF678	1081
ZNF66	1082
NR6A1	1083
ZNF335	1086
ZC3H8	1087
THAP4	1088
ZNF823	1088
ZNF410	1089
HELT	1089
ZNF124	1089
ZNF791	1090
ALX3	1091
ZNF514	1092
PRDM13	1093
THAP6	1093
ZNF771	1094
ZNF579	1094
BHLHA15	1094
ZNF37A	1095
CDX4	1096
ERF	1096
ZNF169	1098
ZNF79	1099
ZNF215	1100
PITX1	1100
ZNF716	1100
SNAPC4	1101
ZNF891	1102
ZNF292	1102
PRDM10	1102
ZNF235	1103
ZNF681	1104
ZNF773	1104
ZNF653	1105
ZNF7	1105
ZNF721	1105
TLX1	1105
ZBTB17	1106
ZNF747	1106
PLAGL2	1106
SKOR2	1107
ZNF280B	1108
ZNF765	1109
ZNF850	1111
ZNF684	1113
TIGD5	1113
MLXIPL	1114
ZNF875	1115
RAX2	1115
ZNF770	1116
ZNF283	1116
ZNF160	1117
E4F1	1118
MYNN	1118
ZNF195	1119
GTF3A	1120
ZSCAN4	1120
PATZ1	1120
KDM2B	1121
ZNF273	1122
FOXP4	1122
ZNF107	1123
BATF2	1124
ZNF527	1126
ZNF140	1126
TERB1	1131
PRMT3	1132
FIGLA	1133
RHOXF2B	1133
ZNF619	1133
INSM2	1134
ZNF136	1134
ZNF705D	1136
ZFPM1	1136
ZNF385C	1137
CENPBD1	1139
ZBED4	1139
NOBOX	1139
ZNF691	1140
ZNF687	1140
ASCL5	1143
ZNF776	1143
KLF17	1144
ZIM2	1147
ZNF557	1147
ZKSCAN5	1147
ZFP91	1148
ZNF728	1149
ZNF787	1150
TBX22	1151
ZNF141	1153
ZNF232	1153
ZNF688	1156
SCX	1156
HOMEZ	1157
ZNF48	1157
ZNF57	1160
ZNF256	1161
ZNF607	1162
THAP5	1163
ZNF613	1164
MTERF4	1165
ZNF609	1165
ZNF783	1166
SRCAP	1166
ZNF224	1166
ZSCAN12	1168
ZNF416	1168
PROX2	1168
ZNF790	1168
ZNF239	1169
ZGPAT	1172
CBLL2	1172
HMX3	1175
ZNF517	1176
ZNF550	1177
ZIM3	1180
ZBTB3	1180
ZNF174	1182
DMRTC2	1183
ZUP1	1183
ZNF672	1184
FOXN4	1184
ZNF26	1185
ZNF77	1186
GMEB1	1186
ZNF419	1187
ZNF518A	1189
ZNF674	1189
SEBOX	1189
THAP12	1190
ZBTB7B	1191
ONECUT3	1191
ZNF451	1192
ZNF324	1193
PCGF6	1195
GATAD2A	1195
ZNF551	1196
ESX1	1199
AKAP8L	1199
FOXA3	1202
HSF4	1202
MIXL1	1203
ZNF879	1204
RBAK	1205
MZF1	1205
ZNF468	1206
FOXN1	1210
ARHGAP35	1211
NKX11	1213
SLC2A4RG	1214
ZNF93	1214
WIZ	1214
MBD6	1215
ATF6B	1215
SOX30	1215
E2F8	1217
ZNF121	1218
ZNF512B	1218
KIN	1219
ZNF786	1221
ZNF598	1226
ZSCAN22	1226
ZNF326	1228
NANOGNB	1230
ZNF646	1230
ZNF830	1232
DR1	1234
ZNF707	1237
ZNF696	1237
ZNF277	1238
ZNF302	1238
ZKSCAN7	1240
ZBTB42	1240
DRAP1	1240
ZNF813	1241
ZBTB39	1241
ZNF580	1242
ZNF155	1243
ZNF417	1243
ZNF430	1244
ZNF616	1245
ZNF446	1246
GSC2	1250
ZNF28	1252
ZNF76	1253
ZNF620	1256
ZNF705A	1258
ZNF316	1260
ZNF587	1261
SNAPC5	1269
ZNF705G	1269
HSF5	1269
TPRX1	1271
ZNF131	1271
MBD1	1271
ZNF705B	1273
ZNF829	1275
ZNF689	1275
NKX24	1275
CENPT	1276
YBX1	1277
ZNF90	1280
PREB	1281
ZSCAN5B	1281
THAP3	1283
ZNF865	1283
YBX2	1283
ZNF225	1285
ZNF614	1286
ZNF692	1287
ZNF570	1288
CHAMP1	1289
ZNF530	1290
SAFB2	1295
MTERF3	1297
ZNF724	1297
TBPL1	1300
TGIF2LY	1302
GTF2I	1304
GLI4	1305
OVOL3	1305
ZNF205	1307
ZBTB45	1307
ZNF500	1308
ZNF17	1311
ZNF628	1311
ZNF45	1311
ZSCAN5C	1311
ZNF669	1312
ZNF444	1312
ZNF100	1312
GMEB2	1313
BORCS8MEF2B	1315
ZNF789	1315
TMF1	1318
RXRB	1318
POU2AF1	1320
ZNF473	1321
FLYWCH1	1321
MYSM1	1321
THAP9	1322
TOPORS	1323
CDC5L	1324
CC2D1A	1326
ZNF268	1326
BAZ2A	1330
ZNF282	1331
ZNF227	1331
HMX2	1331
PHF1	1334
ZNF213	1336
ZNF414	1336
ZNF729	1338
ZNF541	1339
ZNF525	1342
ZNF814	1344
ZNF670	1349
CREBZF	1349
THAP7	1353
ZNF777	1355
ZNF485	1356
ZSCAN29	1356
ZNF564	1358
ZNF397	1359
LEUTX	1364
NKX28	1366
RBCK1	1367
CXXC1	1369
ZNF146	1370
ZNF511	1374
ZNF878	1378
CIC	1378
ZNF567	1379
ZNF574	1380
ZNF202	1384
ZNF749	1387
ZNF683	1387
ZNF860	1388
ZNF735	1393
CENPS	1396
ZNF324B	1398
FOXR1	1403
ZNF695	1403
ZBTB9	1404
ZNF142	1404
ZBED9	1404
CENPX	1413
ZNF888	1415
ZNF714	1417
ZNF180	1417
EVX2	1423
PRR12	1431
TFCP2	1432
ZNF705E	1435
ZNF845	1448
ZNF513	1448
GPBP1	1451
ZNF837	1451
ZNF630	1457
ZNF85	1461
SAFB	1463
HSFX2	1469
ZNF668	1469
JRK	1470
SPZ1	1482
CCDC169SOHLH2	1491
REXO4	1495
TTF1	1496
ZNF852	1525
MTERF1	1551
ZNF816	1561
