gene_short_name	q_value	estimate	total_transcripts
Akr1b3	2.87E-115	1.7946365	81073
Macc1	1.50E-22	1.3487314	1488
Ifitm1	5.67E-124	1.3297819	164719
Eva1a	1.91E-12	1.182158	1073
Sema6a	7.91E-12	1.1794674	1027
Tspan1	7.16E-10	1.0999153	1286
Snap25	1.63E-07	1.0331292	1015
Ppfia2	4.32E-10	1.0245568	1168
Cnnm1	1.06E-09	1.0056028	1105
Klf12	2.33E-08	0.9933487	1142
Muc5b	9.66E-22	0.982278	9972
Adamts9	2.11E-26	0.9595889	3619
Foxd1	9.48E-08	0.9449222	1093
Myh10	3.49E-09	0.9410916	1191
9530026P05Rik	5.15E-08	0.9369745	1135
Smpdl3b	1.13E-13	0.9320816	1770
Esco2	2.74E-25	0.9083536	4021
Aldh1a1	1.99E-57	0.9014211	12537
Etv1	2.75E-06	0.8592022	1172
Cyp2u1	1.17E-05	0.8561302	1127
Psrc1	1.43E-05	0.852033	1165
Plvap	1.85E-13	0.832006	2665
Slc17a6	3.30E-21	0.8200139	7323
Hist1h1a	3.01E-07	0.8115743	1666
Tacc1	1.91E-11	0.7889846	2461
Atcayos	0.006184311	0.7731798	1096
2310057J18Rik	0.0018659702	0.7724621	2503
Spata1	3.23E-07	0.771698	1489
Thsd7a	6.65E-14	0.7614509	3112
Hist1h1b	5.24E-21	0.7451005	7798
Mxd3	0.001702924	0.7423351	1173
Dcn	0.003627078	0.7329831	6006
Hist1h2ap	1.55E-18	0.7252992	7145
Adam30	0.0004901036	0.7216825	1217
AU021092	0.001790805	0.7154977	1677
Neil3	3.16E-09	0.7120589	2027
Wnt5a	6.58E-25	0.7114035	5931
Aurkb	4.50E-21	0.7068297	5923
Grb14	1.64E-14	0.703697	3426
Neurl1b	0.0006974198	0.7008377	1312
Lifr	1.58E-15	0.6996951	3690
Tppp3	0.000412414	0.6976747	3325
Muc5ac	0.04526395	0.6946937	7613
Ank2	1.26E-45	0.6945549	11119
Tle2	1.35E-08	0.6911092	2043
E2f7	4.35E-11	0.6900935	2713
Ppargc1a	2.09E-05	0.679306	2236
Rapgef4	2.26E-11	0.6760904	2891
Nrp1	4.25E-27	0.6752697	8230
Hist1h3c	1.10E-06	0.6744736	2113
H2-K1	1.32E-103	0.6741	99897
Glce	7.57E-104	0.6720902	29741
Gm28875	0.0003518964	0.6684741	1509
Hist1h2ae	1.15E-17	0.6660119	13787
Cntnap2	5.39E-37	0.6656596	9251
Prc1	3.86E-32	0.6630715	16495
Nptxr	1.68E-07	0.662966	2203
Depdc1a	4.40E-19	0.6566252	6967
Cnksr2	0.0003280475	0.6511884	1559
Nusap1	7.20E-21	0.6500513	10183
Espl1	0.0002977284	0.6497836	1410
Ttk	0.002195346	0.644676	1333
Dram1	0.02876944	0.6419611	1714
Tprg	2.84E-09	0.6386015	3074
H1fx	3.71E-05	0.6382338	2769
Zfp618	4.28E-08	0.6371259	2607
H2-Q4	0.008158756	0.6288146	1504
BC030870	3.77E-17	0.6241304	6045
Hectd2	0.000325905	0.6218734	1786
Onecut3	2.60E-27	0.6195648	9490
Vtcn1	4.19E-05	0.6160627	2167
Foxc1	0.011378472	0.6126592	1340
Mlf1	8.06E-15	0.6125121	5159
B930036N10Rik	4.66E-12	0.6087038	10108
Pimreg	2.58E-10	0.6084738	3744
Shcbp1	5.40E-25	0.6078202	8760
Mki67	1.20E-25	0.6066695	12627
Iqgap3	6.02E-08	0.6026725	2920
Kif11	2.07E-14	0.6005893	6340
Syt11	4.16E-14	0.5999484	5207
Mybl2	2.88E-05	0.5960428	1949
Troap	0.0003885911	0.5955452	1883
Ltbp4	0.0015871104	0.5937449	2195
Pon2	2.64E-37	0.5870225	11688
Ckap2	2.83E-17	0.58253	8822
Hist2h2ac	4.52E-10	0.5785994	5191
Celf4	1.50E-22	0.577662	8329
Cdk1	7.43E-42	0.5688343	32151
Hist1h1e	4.17E-11	0.5686879	6192
Gas2	6.95E-25	0.5667911	10173
Fign	0.00012691092	0.5653872	2354
Cradd	1.96E-31	0.5650084	10160
Mcm5	8.58E-26	0.5608994	10607
Erc2	0.0003670342	0.5602225	2078
Csrp2	4.23E-73	0.5599418	71436
Kif18a	3.76E-07	0.5592538	3210
Foxa1	5.91E-05	0.5588274	2300
Gas2l3	2.66E-16	0.5577185	7922
Arrdc3	0.0001863512	0.5574331	2596
Fbxo5	5.62E-08	0.5551366	4218
Ppm1l	3.81E-13	0.5492688	4980
Cys1	0.0446472	0.5489344	1511
Nkx2-3	3.57E-34	0.5463088	15160
Osbpl6	0.0004728856	0.5422844	2210
Airn	1.39E-05	0.5404602	2716
Cp	8.30E-30	0.5388714	81321
Ccnd2	1.99E-23	0.5375304	24404
Socs2	4.65E-83	0.537239	75594
Il33	1.52E-26	0.5341431	75849
Bicd1	6.24E-33	0.5339599	18775
Tcf19	6.00E-05	0.5302628	2655
Tmem64	0.00019718184	0.5300972	2399
Ulbp1	1.19E-06	0.5297979	3373
Ccna2	4.46E-26	0.5285435	24558
Prl2c2	0.007650818	0.5278152	14126
Ect2	1.55E-19	0.5275722	12501
Pdgfrl	6.95E-16	0.5272174	7917
Fyn	5.76E-05	0.5270575	2594
Col6a1	5.56E-66	0.5270528	52386
Prim1	3.56E-22	0.5265801	10152
Lemd3	2.06E-08	0.525913	3642
Brca2	1.59E-05	0.5192525	2955
Kif15	6.43E-05	0.5192324	2711
Col6a2	8.47E-31	0.5192119	20630
Cpne2	7.75E-26	0.5161268	10491
Car9	1.47E-09	0.5124064	13729
Bcat1	0.0013622659	0.5119702	2839
B2m	1.15E-69	0.511599	114210
Timeless	3.14E-07	0.5100504	3704
Kif4	0.0003842847	0.5085044	2488
Msra	4.83E-13	0.507087	5496
Cenpe	9.06E-15	0.5064782	16799
Acadm	8.30E-63	0.5019428	47316
Hspb6	2.62E-08	0.5008596	4215
Aspa	5.28E-08	0.5000901	8566
Tshz2	8.84E-11	0.4979507	7122
Adgrg6	5.61E-26	0.4975121	13267
Frmd5	0.02351868	0.4960736	2054
Nav3	9.35E-17	0.4939125	9108
Zfp367	2.79E-05	0.4928831	3325
Egr3	0.01404282	0.4926777	2569
Nr4a1	1.83E-13	0.4913462	22718
Foxm1	0.0013365448	0.4906378	2772
Pbk	2.26E-15	0.4882582	10214
1700016C15Rik	2.12E-09	0.4879367	6969
Eif4g3	3.93E-23	0.4871851	11304
Slc35e3	4.72E-10	0.4862276	4973
Nr4a2	2.38E-10	0.4847653	10084
Ptprd	0.000256591	0.4824292	3330
Nbea	7.14E-19	0.4813919	9977
Ptprb	3.36E-18	0.4807923	10275
Nt5dc3	3.90E-05	0.4791932	3149
Tspan13	2.87E-34	0.4769228	41088
Clstn1	0.02687955	0.4759453	2066
Far1	1.20E-41	0.4749658	27547
Ube2c	2.46E-17	0.4749353	49919
Gls2	7.76E-15	0.4740962	8291
Shc2	0.007608788	0.4728062	2461
Slc44a3	3.00E-20	0.469162	12933
Grasp	4.08E-16	0.4683743	11018
Ntn4	0.0107666	0.4661288	2830
Il15	4.66E-06	0.4644965	4013
Gadd45b	4.08E-16	0.4636766	19560
Cit	1.02E-05	0.4636604	4195
9130230L23Rik	2.72E-05	0.4618026	3783
Ccnb1	3.42E-13	0.4616017	11660
Nr1h4	2.30E-06	0.4607495	4725
Orm1	0.01952608	0.4603352	2516
Rpa2	1.21E-14	0.4596641	8429
Ifitm3	6.65E-29	0.4586636	104211
Mecom	3.48E-40	0.4583693	23946
Mdm1	0.03212216	0.4573805	2314
Aunip	0.010364436	0.454649	2664
Ncapg2	3.82E-10	0.4542319	6689
Aak1	1.40E-09	0.4533005	5569
Pan2	0.02835038	0.4529919	2215
Smc4	1.34E-49	0.4512624	40947
Ncapg	7.50E-06	0.4499608	4282
Ung	0.0254088	0.4490874	2483
Tmpo	2.72E-71	0.4488355	53093
Rfx3	0.02772353	0.448089	2387
Ly6a	1.01E-37	0.4453181	274472
Fam20c	5.57E-08	0.4450765	5455
Fxyd4	0.02646	0.4431316	2472
Napepld	0.00392535	0.4420309	2698
Clspn	3.96E-06	0.4414997	4448
Zdhhc17	7.70E-16	0.44114	9217
Sgms2	1.11E-42	0.44071	29481
Hpx	0.013303125	0.4398443	2554
Lrig2	0.0019835577	0.4389388	2879
Cenpu	0.003414207	0.4378474	3021
Spc25	1.95E-06	0.4367654	5391
Gsdme	3.49E-16	0.4366902	9869
Itpr1	0.000792024	0.4361544	3243
Utp20	2.07E-10	0.4351338	6980
Slc5a3	2.42E-13	0.435065	10721
Rad51ap1	4.91E-06	0.4327434	4401
Spry1	1.89E-09	0.432183	6714
Pknox1	0.047358	0.4311776	2528
Kitl	9.63E-31	0.4299679	28922
Mnd1	4.07E-06	0.428324	4903
Ahi1	0.0002012985	0.4277229	3751
Aqp1	8.59E-21	0.4271669	18032
Mapre2	8.92E-10	0.4270131	6663
Sgo1	3.12E-07	0.4257448	7060
Chpt1	0.03880928	0.4249154	3048
Top2a	3.90E-16	0.4241885	33095
Atp8a1	4.21E-09	0.4235162	6882
Angptl4	3.26E-13	0.4217853	46247
Rbp2	3.61E-14	0.421058	82634
Morc4	0.008732559	0.4204863	3468
Hmgb2	2.58E-53	0.4202183	230588
Mms22l	0.0423507	0.4193819	2633
Mkrn2os	0.002238184	0.4176748	3673
Stmn1	4.26E-51	0.4173726	89841
Pax9	2.22E-05	0.4143701	4825
Nup107	1.05E-06	0.4141355	5221
Il5ra	9.01E-08	0.4135601	13914
Syce2	1.19E-13	0.4135083	14220
Ndc80	0.0002717625	0.4130794	4328
Nudt17	0.007735216	0.4127543	3009
Wls	4.00E-47	0.4121873	39034
Ttf2	0.0233079	0.4113109	2908
Pmf1	7.27E-24	0.4112607	19027
Knl1	0.0020585548	0.4108782	4407
Uhrf1	1.26E-09	0.4106493	8216
Xpot	3.18E-18	0.4062727	13090
Sbno2	9.96E-17	0.4054461	12848
Ric8b	7.91E-05	0.4051162	4080
Rassf3	2.69E-10	0.4048859	7717
Gm42031	6.61E-13	0.4044982	10051
Sprr1a	2.27E-18	0.4033234	907684
Cdkn2c	7.27E-13	0.4024516	10425
Pclaf	1.96E-17	0.4016972	28656
Cep83	1.43E-14	0.4012586	10846
Maml3	7.27E-09	0.4006374	7190
Chek1	2.53E-06	0.3999028	5571
S100a4	2.86E-31	0.399548	462451
E2f8	0.006269614	0.3984399	3611
Tmem107	4.54E-13	0.3977908	10025
Plch1	3.20E-09	0.3968749	7164
En1	5.71E-05	0.3961106	6900
Hmgn2	1.19E-24	0.3955216	29177
Foxg1	1.14E-11	0.3953488	9253
Sgk1	4.48E-20	0.3950806	41581
Btbd11	0.00010783526	0.3943272	4673
Mbnl1	1.02E-45	0.3938898	45362
Skap2	1.04E-25	0.3938121	19623
Mpp6	3.11E-39	0.3937023	37114
H2-D1	5.74E-61	0.3922721	111160
Npnt	1.75E-61	0.3922429	74053
Kif20b	4.51E-06	0.3905247	9313
Setbp1	6.55E-06	0.3904688	5706
Zfhx3	5.02E-42	0.3898376	40891
Btbd2	4.36E-05	0.3889872	4847
Rnase4	0.00011760441	0.3847712	7024
Plk4	6.02E-08	0.3832932	8651
Ralgapa1	0.00013342824	0.3832179	4685
Oxct1	1.17E-23	0.3824733	20015
Incenp	1.27E-07	0.3798519	8923
Asf1b	5.19E-06	0.3781334	6660
Casp4	4.21E-05	0.377606	6469
Zdhhc2	8.25E-17	0.3774461	14639
Cbx6	0.010364436	0.3770958	3864
Adgra3	0.000703885	0.3769274	4261
Siah2	2.51E-10	0.3759498	9491
Eps8l2	0.00300776	0.3738615	4167
Enkd1	0.0013365448	0.37373	4211
Cenpk	0.019400564	0.3736372	3646
Adgrl2	7.68E-11	0.3732827	12425
Fxyd3	4.29E-06	0.3730356	47686
Rev3l	4.63E-07	0.3705652	6802
Cdk14	1.36E-14	0.3699895	13220
Gpsm2	0.00017359457	0.3687801	5242
Anln	1.45E-07	0.3680289	10573
Rbl2	0.007735216	0.3677641	3855
D16Ertd472e	0.0011945906	0.3648663	4886
Sf3a2	1.35E-10	0.3646152	8999
Trim59	4.55E-17	0.3630216	17447
Ptbp2	1.94E-09	0.3629291	8910
Mpp7	2.13E-06	0.3622907	6612
Ccnl1	2.27E-37	0.3615772	56349
Dok4	0.018306294	0.3610665	3872
Cdh1	2.69E-39	0.3608709	43977
Apaf1	0.003371575	0.360724	4277
Stk11	5.44E-14	0.3597909	12750
Esyt1	1.58E-09	0.359591	9377
Tacc3	6.51E-08	0.3593896	10809
Hells	1.17E-12	0.3589664	16915
Slc10a7	0.002601258	0.3584962	4329
Mcm7	1.40E-17	0.3580256	21984
Zfc3h1	7.09E-07	0.3579659	7367
Stard4	7.35E-06	0.3561476	7670
Dbt	3.59E-08	0.3553549	9004
Lockd	1.04E-08	0.3553544	12803
Ptprg	0.02477826	0.355155	3902
Bicc1	1.31E-13	0.3545606	24564
Tmem106b	6.34E-28	0.3527225	26968
Sirt1	0.0016836798	0.3522541	4939
Pa2g4	4.38E-49	0.3513548	65003
Psd3	1.04E-06	0.3507034	7889
Hoxa10	0.001381568	0.3503024	5065
Slc1a5	0.0007231768	0.3501665	5491
Atp1a1	1.98E-48	0.3498912	82598
Ints3	1.30E-05	0.3497345	6423
Lamb1	8.88E-08	0.3492914	9298
Sema4a	2.18E-06	0.3487994	7413
Slc12a2	1.70E-25	0.3487929	39707
Pip5k1c	0.019274116	0.3483374	3934
Cdk2	5.87E-06	0.3475951	6996
Pwp1	1.73E-05	0.3456204	6715
Mindy2	1.13E-07	0.3452357	9772
Irs2	0.006460384	0.3447205	5541
Svip	0.005097246	0.3445481	4913
Ap1s2	0.0010806	0.3439425	5302
Ell2	6.74E-05	0.343903	6364
Saa2	9.66E-07	0.3436926	7501
Ldlr	3.21E-10	0.3430796	17222
Asns	0.0002955688	0.3424554	13686
Porcn	5.97E-05	0.3419632	7648
Chrnb1	0.0002164921	0.3409138	5857
Tbk1	5.76E-06	0.3380669	7198
Kif22	0.0019557412	0.337358	6173
Twsg1	2.55E-12	0.3366475	13328
Ncapd2	0.020219801	0.336327	4901
Osbpl8	0.000509527	0.3361879	5626
Mcm2	2.42E-05	0.33509	7437
Tmem259	5.72E-13	0.3346465	12653
Tdg	4.47E-11	0.3341239	11963
Tpgs1	8.07E-09	0.3336561	9657
Ctsh	8.20E-19	0.332838	35789
Gpm6b	3.99E-09	0.3328074	11822
F2rl1	9.61E-06	0.3324233	8474
Rpa3	8.99E-28	0.3318423	32601
Nfatc3	2.36E-07	0.3313093	8821
Frs2	0.03107727	0.3312358	4162
Neto2	0.009558976	0.3306371	5455
Mbd3	8.17E-31	0.3305591	32245
Ska1	0.006375412	0.3297896	6425
Cenpa	2.32E-09	0.3294515	51768
Glis3	0.0008609138	0.3290725	5708
Col4a1	1.90E-28	0.3287614	37704
Kcnq1ot1	1.39E-13	0.3283122	37917
Dmbt1	7.74E-05	0.3277836	78060
Cs	1.79E-25	0.3275329	26821
Alb	0.012097264	0.3271258	7732
Cep295	0.004905638	0.3265776	5147
Cnpy2	7.34E-43	0.3259708	53090
Dyrk2	0.00010848019	0.3254647	6898
Smg5	5.72E-07	0.3254139	8550
Ephb4	0.0222537	0.3242024	4616
Tmem117	0.04089908	0.3242009	4350
Bmt2	6.67E-07	0.3241215	8885
Saa1	3.01E-05	0.3239438	8172
Mon2	0.0006585552	0.3224933	5857
Cenpm	8.84E-06	0.3224444	10002
Dcbld1	8.89E-06	0.3221959	8812
Ripor1	0.00426656	0.3211226	5343
Slc16a3	0.002858037	0.3207672	13790
Vnn1	0.001355852	0.320275	8383
Sema3e	1.84E-09	0.3201492	13858
Cgref1	0.00012106215	0.3197612	7675
Washc4	1.82E-07	0.3197563	9788
Myo9a	0.019420875	0.3193643	4820
Slc35e1	0.003456831	0.3191187	5399
Cand1	8.52E-09	0.3188246	11024
Hmgcs1	5.60E-07	0.317906	19717
Hmgn5	4.82E-06	0.3172022	12517
Larp1b	3.05E-12	0.3163722	15760
Tbck	0.003520588	0.3138282	5598
Cdkn2d	9.06E-07	0.3133139	12413
Ndufa4	5.85E-108	0.3130471	416078
Prom1	2.02E-08	0.3128811	22143
Gt(ROSA)26Sor	7.38E-08	0.3126938	14129
Oaz1	6.75E-184	0.3125157	353575
Pithd1	1.81E-05	0.3119452	8072
Smarcc2	5.94E-06	0.3116085	8441
Bace1	4.14E-06	0.3107416	8606
Spcs3	2.49E-18	0.3104816	22480
Gale	0.00010588035	0.3104562	8110
Tmem168	0.000520248	0.3103956	6370
Rab5b	1.58E-05	0.3098595	8046
Cdk19	3.58E-05	0.3093561	7688
Dnmt1	4.54E-07	0.3092298	11415
2810403A07Rik	1.42E-07	0.3091344	11012
Lurap1l	8.02E-10	0.3087764	17749
Kif23	1.51E-06	0.3087517	11795
Tspan31	4.80E-21	0.3084688	24644
Col4a2	1.50E-09	0.3082566	14881
Rnf167	5.61E-06	0.3077636	9262
Gabpb2	3.76E-07	0.3075862	10744
Cdca3	2.27E-07	0.3075109	21003
Rsrp1	2.15E-24	0.3074006	54101
Myl6	1.24E-182	0.307336	754099
Apoa2	0.015138544	0.3072108	5401
Racgap1	1.33E-05	0.3066852	12343
Aldh3a2	0.018853128	0.3052267	5440
Fut8	4.05E-12	0.3052189	18374
Ikbkg	0.02372832	0.3051706	5331
Cnpy4	0.0002327464	0.3049279	7312
Slc25a13	0.0010720048	0.3044591	6728
Dot1l	6.34E-05	0.3039245	8384
Pnisr	5.67E-10	0.3036014	15042
Ncln	1.20E-12	0.30343	17172
Hspb1	2.64E-05	0.3033987	100084
Barx2	0.003477978	0.3029532	12308
Tmem238	6.43E-15	0.300918	21432
Ube2g2	4.58E-06	0.3007	9584
Dnajb14	1.14E-13	0.3003304	24343
Irx5	0.0011386889	0.3002276	7454
Galnt4	0.018663807	0.2998089	5579
Fto	4.69E-06	0.2988087	9466
Tshz1	2.06E-05	0.298768	9383
Nfat5	9.55E-23	0.298655	41884
Stx11	0.009770972	0.2984155	6491
Man1a2	9.62E-25	0.2977562	33301
Vps4a	3.21E-08	0.2959001	11603
Rspry1	1.00E-06	0.2956057	10490
Ncoa7	9.43E-08	0.293628	12406
Mettl1	6.37E-14	0.2935946	22336
Ckap4	6.23E-17	0.2934982	27750
Fmr1	2.83E-08	0.2929509	13226
Sacs	0.02604156	0.2927263	6579
Hs3st1	7.34E-13	0.2924774	37755
Dnph1	0.0032217	0.2921907	7881
Tmem171	4.80E-06	0.2909268	11264
Sash1	0.003520588	0.290209	6794
Magi3	0.00015189024	0.2894509	8787
Adrb2	0.002965068	0.2891085	10979
Mcl1	7.51E-37	0.2889164	67017
Serpina1c	0.0358768	0.2888145	2304
Mdm2	4.29E-06	0.2886497	10617
Efna5	3.25E-06	0.2880563	11299
Hmgcr	2.53E-06	0.2880121	14460
Cdc20	0.017379228	0.2868541	14694
Dhfr	0.02372832	0.2867378	6693
Slc7a6os	0.0002457524	0.2865704	9397
Anp32e	8.90E-22	0.2862541	44764
Cpe	1.96E-45	0.2857791	129979
Trappc10	0.00014275725	0.2857487	8026
Mindy1	6.24E-16	0.2855424	22215
Atp5b	7.26E-105	0.2855338	233040
Herpud1	5.56E-09	0.2853439	49107
Fam149a	5.37E-11	0.2846289	18667
Smc2	1.98E-08	0.2841359	22509
D10Jhu81e	0.009579864	0.2839757	6299
Hnrnph3	0.000369189	0.2839188	8227
Pnrc2	1.24E-05	0.2827642	10555
Atp1b1	2.73E-16	0.2825807	75632
Nfia	1.48E-10	0.2822834	20332
Arl2bp	9.47E-16	0.2821042	23197
Tyms	4.51E-13	0.2819481	27610
Pde4dip	1.65E-08	0.2815417	15080
Rrm2	4.17E-09	0.280909	28784
2610001J05Rik	8.91E-31	0.2807627	46032
Rps6ka3	0.0002414139	0.2804652	8648
Cdk4	2.43E-36	0.2797458	64199
H2afz	7.57E-40	0.2794166	828928
Spc24	0.00018917261	0.2781709	11725
Efemp2	3.03E-08	0.2781173	14454
Alg14	7.06E-06	0.2779913	10806
Lrpap1	5.63E-06	0.2779361	11257
Ptges3	2.01E-63	0.2778002	135744
B9d1	5.63E-05	0.2776087	9935
Cd63	4.39E-66	0.2772967	187549
Appl1	0.03546144	0.2771076	6302
Mrpl42	4.67E-40	0.2770654	69033
Rell1	0.002281014	0.2770201	8220
Rfc5	6.54E-05	0.2770118	10659
Clcn5	0.0004210382	0.2767804	8901
Aplp2	7.39E-18	0.2765699	48581
D10Wsu102e	0.002836812	0.2757439	8371
Jade1	0.000134506	0.2745266	11032
Chd2	0.0003735152	0.2744653	10103
Zfp704	0.009791847	0.2739171	8396
Muc1	2.39E-13	0.2737348	67957
Cenpf	0.003733344	0.273496	23657
Fbxw9	1.01E-05	0.2734567	10966
Lig1	0.0004901036	0.2726575	12000
Os9	2.50E-11	0.2725971	20178
Ilf2	6.62E-15	0.2725948	25430
Rexo1	0.0011494392	0.2725868	8236
Ipo8	0.014485551	0.2721321	6601
Ddhd2	0.0004296798	0.2718193	8811
Ank3	6.14E-07	0.2715289	13923
Zdhhc21	0.00017876454	0.2709243	10818
Ifitm2	6.19E-43	0.2707883	209102
Ifi27	9.11E-18	0.2707388	43578
Plce1	0.007629804	0.2703916	8219
Xrcc4	0.02625204	0.2703694	6456
Bsg	3.76E-09	0.270239	356605
Epha2	2.26E-10	0.2699795	27231
Dnajc9	0.0004943952	0.2694659	9473
Rab3ip	1.44E-06	0.268871	11544
Dbf4	3.03E-05	0.267896	15685
Zfp703	1.57E-05	0.2678712	13689
Vbp1	9.77E-14	0.267768	23301
Cyp51	1.11E-06	0.2676806	29976
Clcc1	0.000897479	0.2673718	8642
Ikbip	6.65E-07	0.2673193	13153
Suox	0.00011391606	0.2672737	13196
Cks2	4.56E-15	0.2672661	52655
Ctcf	1.46E-12	0.2668359	22722
Arhgap18	6.04E-05	0.2664593	10925
Pdxk	0.004671958	0.2662655	10749
Ctdsp2	3.36E-06	0.2660128	12982
Zfp1	0.03191536	0.2648154	7034
Mars	0.031707	0.2647913	7001
Pik3ca	1.21E-07	0.2646949	15186
H2afx	0.0016215376	0.264641	10744
Mum1	0.003477978	0.2641492	7957
Plpbp	1.97E-06	0.2641082	12862
Ncor1	3.66E-25	0.2636079	44034
Aktip	0.0005721408	0.2635311	9188
Tcf3	1.98E-07	0.2627856	13899
Atp11b	8.54E-10	0.262704	19746
Gm10076	3.68E-62	0.2626983	140342
Chd9	0.0001221416	0.2622426	10671
Pde7a	0.042146	0.2618565	6980
Acd	0.02204592	0.2617917	7116
Ptgfrn	2.62E-09	0.260767	19319
Ltbp1	2.77E-09	0.2603291	23009
Tet2	0.000671522	0.2600596	11807
Tmtc3	0.0325402	0.2599293	7104
Tceal9	1.85E-10	0.2599189	29793
R3hdm4	1.01E-11	0.2598793	22574
Pdx1	0.0275132	0.259244	8128
Pcf11	0.0006348138	0.2583953	10572
Ankrd13c	1.16E-05	0.2582152	12038
Zranb2	2.74E-19	0.2580925	39376
Slc16a1	1.17E-09	0.2580514	20214
Mpc1	9.14E-26	0.2577975	45771
E2f5	0.008944812	0.2574752	8084
R3hdm2	1.70E-07	0.2571296	15101
Csnk1g2	1.30E-08	0.2569603	16345
Ica1	0.015626835	0.2565	7743
Fat1	1.99E-15	0.2563902	33418
Cct2	2.28E-45	0.256048	104656
Usp15	6.98E-10	0.255988	18331
Ppa2	7.89E-18	0.2557712	33744
Rsrc1	6.97E-13	0.2556553	24107
Man1a	2.21E-08	0.2554353	20926
Rrp1	4.53E-28	0.2547657	46264
Msmo1	3.74E-09	0.2539567	44601
Cenpw	1.23E-05	0.2538942	18727
Lsm8	2.87E-25	0.2537455	54527
Dnajc15	3.81E-07	0.2530153	15549
Ahcyl1	1.07E-06	0.2523692	14462
Idi1	0.049444	0.2521635	13640
Amfr	3.47E-08	0.2519037	16519
Gatad2b	2.18E-07	0.2513752	16339
Atp6ap2	8.63E-08	0.2502939	17638
Uqcr11	6.95E-79	0.2502718	235162
Tmco3	0.03734523	0.2502433	7368
C1galt1	6.98E-07	0.2501761	15809
Sec24d	0.010850862	0.2491648	8808
2310011J03Rik	1.98E-06	0.2486546	13795
Mbip	0.03337592	0.2484137	7832
Phlda1	1.81E-22	0.2477999	174597
Rpl41	6.18E-123	0.2476056	2149377
Cers2	4.33E-23	0.2470288	48892
Tcf4	2.15E-07	0.2469093	23280
Hspa4l	7.89E-20	0.2466911	60155
Fgd6	0.03462696	0.2462738	7695
Phip	6.54E-07	0.2457492	18584
Cnot2	0.00035838	0.2451789	10757
Hook3	5.44E-08	0.2440815	18903
Pcolce	6.09E-20	0.2433586	64640
Nfix	5.73E-08	0.2427666	22127
Gimd1	0.00011933899	0.2425327	18324
Eef2	1.43E-76	0.242004	238399
Meis2	3.87E-10	0.241117	25427
Rnf115	6.84E-06	0.2404351	14250
Foxn3	0.02835038	0.2402185	9726
Lypla2	0.005821888	0.2398216	9391
Lmna	2.43E-36	0.2397729	263667
Cenpq	0.042146	0.2395309	10456
Txnrd1	5.22E-10	0.2389544	22928
Nap1l1	4.62E-39	0.2384967	172736
Slc35d1	0.005758214	0.2384414	10947
Rangap1	6.15E-05	0.2383555	16319
Ndufa12	8.63E-47	0.2381484	110108
Rtcb	2.43E-11	0.2364944	24296
Hmg20b	1.92E-16	0.2361801	35313
B4galnt1	2.67E-08	0.235879	22415
Rrm1	0.016005768	0.2358373	10112
Polb	6.97E-06	0.2357066	15153
Gclc	1.70E-08	0.2350878	44929
Raet1e	0.0010891944	0.2350565	10870
Sarnp	3.75E-33	0.2349409	70196
Adam10	1.84E-16	0.2348359	48833
Uhrf1bp1l	2.19E-05	0.2348295	15857
Hsp90b1	2.74E-18	0.2335207	287784
4932438A13Rik	0.0001234446	0.2331008	13637
Slc25a3	9.49E-93	0.2327833	285222
Atad2	0.002451684	0.2326778	14779
Otud7b	0.001745793	0.2318626	11777
Polr2e	1.10E-30	0.2315293	72086
Col18a1	3.47E-17	0.2313793	75144
Map2k2	5.65E-28	0.2309573	58098
Rps15	3.79E-119	0.2309151	938607
Dnajb4	0.00023925	0.2303303	15658
Mospd3	0.0008157903	0.2303	12313
Dctn2	3.62E-19	0.2300238	40078
Ssr2	2.00E-34	0.2293982	111882
Gar1	1.62E-11	0.2293216	32740
Lsm7	2.86E-27	0.2286416	73150
Lnpep	0.00018548892	0.2286346	14349
Gpd2	4.31E-06	0.2286	18330
Cav2	6.20E-15	0.2283695	47725
Ptms	1.28E-29	0.2282741	135815
Lmnb1	0.00270837	0.2281804	14276
Ap3d1	0.01275271	0.2281776	9584
Atp1b3	4.41E-10	0.2281347	24711
Golim4	3.92E-11	0.2280327	38658
Syne2	0.0016257748	0.2279088	12563
Nid1	2.08E-06	0.2276386	24457
Bet1	0.00015860936	0.2273764	14226
Dync1li2	0.0009492058	0.2273456	12389
Capza2	2.17E-36	0.2272075	79583
Samd9l	4.23E-05	0.22717	27201
Hipk1	0.0010570224	0.2271625	12373
Vars	2.35E-05	0.2271224	18636
Lta4h	2.31E-05	0.226843	14525
Ube2n	7.95E-30	0.2268314	67124
Mrpl54	4.14E-30	0.2265419	69571
Arl1	1.36E-17	0.2260485	40613
Igsf3	0.018116867	0.2259146	10283
Ostc	2.58E-30	0.2257827	100217
Pcm1	1.51E-07	0.2257287	22442
Irx3	0.04756622	0.2252753	11689
Acer3	0.015816696	0.2244276	10935
Ablim1	5.52E-05	0.2240429	16368
Cept1	1.24E-08	0.2240004	24350
Krr1	0.018012368	0.2238626	10152
Ttc14	1.57E-05	0.2235322	18420
Agpat3	0.0014759352	0.2233051	12187
Aes	3.95E-45	0.2231976	119926
Foxp1	1.83E-16	0.2221829	49830
Ubxn8	0.02625204	0.2220223	9546
Cdk2ap2	7.70E-20	0.2214087	76453
Fam96b	7.31E-20	0.2212121	48635
Nup37	0.00232362	0.2211737	13343
Ensa	3.86E-05	0.2210766	15764
Scnm1	0.0094963	0.2204135	10525
Prpf38b	8.79E-12	0.2199316	36223
B4galt6	7.42E-09	0.2194866	29729
S100a11	2.35E-78	0.2193647	1459380
Nsd2	0.00043617	0.2193098	15535
Exosc9	0.02070584	0.2188475	10315
Sec61a1	3.41E-08	0.2188426	25466
Slc39a1	2.14E-09	0.2188006	52842
Pcna	0.001091305	0.2186637	14312
Lamtor3	1.30E-15	0.218528	39366
Larp7	1.16E-08	0.2184365	25927
Ikbkb	7.58E-05	0.2173274	15687
1600002K03Rik	1.72E-05	0.2171727	17478
Ifngr1	1.70E-11	0.2167495	41852
Ppp1r12a	7.36E-11	0.2164135	29789
Phf14	2.37E-05	0.2156904	17188
Etnk1	0.0016643548	0.2155226	14882
Fubp1	9.32E-14	0.2155138	50376
Zzz3	0.007819224	0.2151368	12026
Akr1c19	0.012879845	0.2151202	23820
Pole3	0.0007898965	0.2148392	14212
Cbfb	0.00012020065	0.2147881	16963
Cks1b	1.79E-11	0.2146714	86269
Mrfap1	4.50E-35	0.2143417	127114
Eml4	1.46E-06	0.2142972	22864
Kpna4	6.71E-10	0.2141388	30608
Slc33a1	0.0061632	0.2136303	12515
Slbp	1.73E-10	0.2133212	40976
Rabggtb	7.80E-12	0.2130179	37752
Dek	1.24E-10	0.212421	44934
Ptbp1	2.23E-11	0.2124105	35294
Cux1	6.62E-08	0.2123259	23705
Pgrmc2	4.88E-05	0.212323	22946
Sqle	0.02414862	0.2122594	16742
Dnajc19	8.50E-12	0.2118372	33329
Srebf2	6.24E-05	0.2112066	18225
Aph1a	3.89E-06	0.2109851	18652
Nabp2	3.70E-06	0.2103057	19438
H1f0	2.98E-05	0.2100805	38027
Rps26	1.14E-78	0.2096192	1271055
Ttll7	1.03E-07	0.2095354	27215
Rbm8a	1.07E-32	0.2094964	100056
Efnb2	0.002836812	0.2089808	17140
Btg1	2.84E-22	0.2087776	174449
Cacna2d1	0.00017703075	0.2085619	20935
Fdx1	2.15E-05	0.2072726	26459
Pcbd1	4.80E-20	0.2072437	60133
Hspg2	0.004032036	0.2065137	13817
Sgta	1.92E-06	0.206369	19845
Papss1	2.53E-06	0.2063455	21246
Galnt7	2.72E-05	0.2063414	26190
Cnot1	0.002858037	0.2059882	14492
Anxa5	8.02E-44	0.2052332	362315
Csnk2a2	4.95E-08	0.2042443	27594
Snrpf	1.22E-32	0.2040697	185274
Alg10b	0.03337592	0.2039199	11225
Cmtm4	6.25E-06	0.2037186	21910
Ptprs	2.46E-05	0.2033325	20953
Tbc1d15	0.0015679209	0.2022919	15743
Itfg1	0.001574245	0.2021037	14967
Cdkn1b	0.04047936	0.2019426	13415
Gpx4	9.62E-73	0.2019339	380590
Metap2	1.23E-32	0.2016126	95677
Cyb5b	1.15E-07	0.2009712	29456
Lsm6	1.82E-25	0.200965	101401
Sem1	3.90E-70	0.2007895	238832
Lmo4	1.85E-05	0.2005249	39640
Rnf126	0.0002998878	0.1995085	19850
Anxa10	5.24E-06	0.1992663	59344
Casp6	0.01055538	0.1991803	14968
Keap1	0.016704072	0.1990453	13508
Rbmxl1	2.26E-05	0.1988349	20442
Ociad2	9.71E-17	0.1985671	140656
Ash1l	1.33E-08	0.1981236	33849
Mfsd14a	0.02876944	0.1978415	13319
Atp5d	1.10E-54	0.1977841	196703
Chtop	0.000386438	0.1977131	17376
Mmp14	0.003093264	0.1975973	17593
Dhps	6.27E-06	0.1968998	23306
Sema3c	9.64E-07	0.1968921	45492
Tsc22d2	0.00043617	0.1963892	22568
Nfic	3.40E-05	0.1962642	21941
Gmps	2.18E-08	0.1950494	31276
Nfib	1.66E-07	0.1947297	31469
Ap1g1	0.0094963	0.1944862	14215
Pfkl	0.0017650269	0.1942911	28126
Nufip2	4.56E-05	0.1939616	25936
Nsmce4a	0.003605784	0.1934939	16001
Cd164	3.57E-14	0.1932799	50721
Ccdc59	4.82E-12	0.1931495	39569
Cdc34	1.29E-05	0.1927301	23192
Jtb	4.56E-07	0.1925792	25703
Rab21	1.18E-09	0.1921688	34190
Tspan8	1.23E-26	0.1914297	362104
Polr2c	4.00E-12	0.1913236	39516
Orc6	4.82E-05	0.190846	27027
Pkp4	0.04110405	0.1905112	14750
Ube2s	2.61E-14	0.1901492	95935
Camk2n1	0.0014738457	0.1899538	31068
Med13l	0.003946616	0.1896013	20253
Wwc2	0.02001046	0.1895979	15329
Perp	0.009538086	0.1895275	16872
S100a1	8.91E-21	0.1894917	100597
Mcub	3.81E-07	0.1891523	31467
Usp10	0.00505512	0.1890317	17001
Csde1	9.28E-21	0.1888055	79935
Rnf13	0.00016055545	0.1878915	20811
S100a13	3.27E-26	0.1873946	202704
Cnn3	2.18E-08	0.1872065	35420
Alg5	6.28E-09	0.1868942	34199
Naca	1.72E-64	0.1856549	362090
Pdlim5	2.26E-06	0.1849065	33351
Hnrnpr	0.0003648792	0.1848585	20974
Arid1a	0.004884672	0.184776	17580
Srpk2	0.015626835	0.1843352	18953
Ndufb5	2.02E-24	0.1832555	91741
Cfap20	3.60E-05	0.1829089	23388
Plpp2	2.09E-08	0.1824714	35693
Krtcap2	2.24E-27	0.1821097	172462
Vcl	0.000757575	0.1817582	22576
Timm13	7.31E-31	0.1816683	146456
Ndufs7	2.50E-23	0.1812882	83402
Otud4	0.007460922	0.1812851	20259
Psma6	4.93E-16	0.1808266	62016
Gclm	1.01E-11	0.1801861	53994
Plekhj1	4.32E-09	0.1800137	34584
Tfdp1	0.0010139311	0.1798442	21227
Anxa11	0.03546144	0.179545	16238
Upf1	0.04402376	0.1790976	15668
Tes	2.66E-16	0.1787014	72741
Mcu	0.0021270652	0.1786967	20511
Pttg1ip	7.10E-06	0.1780708	33865
Gtf2b	0.0008888697	0.1768352	20659
Net1	8.33E-07	0.1768324	36975
Ciapin1	0.00469317	0.175359	19798
S100a16	6.35E-11	0.1750495	109486
Hagh	0.0009772692	0.1747543	24581
Klf5	0.0015400266	0.1729224	32186
Got2	0.010955396	0.1728436	19483
Rpf1	9.13E-05	0.1727866	25125
Nasp	0.008626208	0.1724545	21919
Tpm4	8.95E-23	0.1722387	174378
Ndufa6	5.87E-18	0.1721812	119937
Mat2a	2.28E-05	0.1721554	46852
Anapc5	1.06E-05	0.1709602	31567
Sfxn1	0.03838926	0.1697356	19043
Lima1	7.65E-05	0.1694586	33165
Ssr3	1.67E-13	0.1693868	73900
Exosc8	0.008137779	0.1691635	22709
Srsf10	6.84E-08	0.1690438	39594
Dhx36	5.37E-06	0.1687926	33218
Grina	2.24E-06	0.1686441	39216
Gnai3	5.36E-07	0.1684738	35258
Naa15	3.92E-05	0.168347	31612
Rock1	5.32E-07	0.168209	36239
Cd2ap	5.63E-15	0.1676111	94813
Lsm4	9.23E-17	0.1673941	122497
Taf1d	8.95E-09	0.1671856	68703
Llph	1.29E-14	0.1670969	68946
Cyb5r3	4.96E-07	0.1667034	44469
Tsfm	0.002943719	0.1645185	22013
Cmc2	0.003839908	0.1622459	24702
Matr3	1.81E-06	0.1606707	39164
Ddt	5.04E-06	0.1605736	56639
Ormdl2	0.000325905	0.1589813	27646
Tmem147	2.02E-05	0.1587622	39321
Selenot	4.99E-05	0.1586765	31916
Ubap2l	8.97E-08	0.1581428	44811
Rbp1	5.93E-05	0.1577314	138039
Siva1	0.0015721614	0.1573649	31200
Dazap1	0.000141674	0.1570283	30952
Pgrmc1	0.04443871	0.1568646	22072
Rap1a	6.93E-08	0.1563385	43378
Gtf2a2	8.30E-05	0.156317	32724
Serp1	1.79E-08	0.1561012	79287
Cenpv	0.0379764	0.1560231	22140
Kmt2e	0.014337328	0.1553048	26921
Borcs8	0.003712061	0.1552007	25445
Atpif1	2.71E-24	0.1551657	318051
Nsd3	0.03191536	0.1550372	22261
Gtf2e2	0.014296128	0.1548648	27872
Slc38a2	1.41E-08	0.1546916	92866
Ufm1	6.78E-08	0.1535571	50780
Pgap1	0.003520588	0.1531637	35045
Adh5	8.76E-05	0.1525624	36885
Nr2f6	0.03337592	0.15224	21301
Scoc	0.013450224	0.152081	23897
Tmbim4	2.45E-08	0.1520573	63190
Hadh	0.0002869416	0.1518349	31821
Tusc3	1.05E-07	0.1506437	47102
Errfi1	0.007839854	0.1505861	86282
Atp5f1	7.28E-25	0.1494042	145541
Ube2e3	0.018390376	0.1486863	24941
Irf2bp2	0.0008264952	0.1484161	47339
Ccdc124	1.62E-07	0.1477097	56890
Gm42418	0.00688597	0.1473582	861762
Rpl18a	1.31E-43	0.1466932	1361532
Pdcd10	1.18E-10	0.1459646	64005
Myadm	0.012732018	0.1457592	32549
Fkbp8	1.43E-06	0.1455822	43442
Slc50a1	0.012943104	0.1452343	26848
Pura	4.95E-05	0.1448034	43726
Smarca5	1.61E-08	0.1447975	66835
Ssr1	0.0002652524	0.1446399	36757
Saraf	0.0008802596	0.1443818	34241
Cd24a	1.68E-12	0.1438874	128273
H2afy	0.00017553068	0.1435267	36005
Selenof	2.50E-23	0.1432764	174345
Glud1	0.001874328	0.1429723	31848
Tpm3	3.78E-18	0.1429308	148001
S100a10	9.92E-17	0.1427364	967482
Eif4h	0.00021691729	0.1421696	43114
Nras	4.42E-06	0.1421066	47174
Kif5b	1.46E-08	0.1418764	80063
Cox7a2l	4.04E-11	0.1413632	104516
Hcfc1r1	0.0007338672	0.1412326	58386
Impa1	0.019884077	0.1407893	26102
Ly6e	4.84E-16	0.1403807	265373
Marcks	2.65E-07	0.140003	108434
Gsr	3.57E-14	0.1392636	192675
Fndc3b	0.0390165	0.1391534	33610
Onecut2	0.01893716	0.138224	152816
Smim7	0.0004728856	0.1381406	36630
Rex1bd	1.76E-10	0.1375643	78821
Bclaf1	0.015012384	0.1366886	32890
Rab27b	0.018012368	0.1366646	36267
Stt3a	0.004799648	0.1365625	33156
Hnrnpa3	7.06E-09	0.1361483	86336
Morf4l2	7.80E-05	0.1357975	45149
Ndufc1	4.78E-12	0.1357465	102589
1810022K09Rik	0.001947216	0.1355787	34310
Nip7	0.03922368	0.1354427	30579
Ybx3	4.05E-09	0.1353032	110277
Atf4	0.008838486	0.1351617	52387
Eif4e	1.32E-06	0.1345127	57951
Fkbp4	0.0003735152	0.1336765	46303
Mlec	0.012202608	0.1328396	38183
Rap1b	1.69E-08	0.1320513	93258
Rnaseh2c	0.0014503104	0.1320348	46979
Sfpq	0.000897479	0.1317943	46474
Cbx5	0.03233043	0.1312096	32361
Psmb4	1.30E-15	0.1310989	150956
Arglu1	0.00364837	0.1299264	53023
Eno1	9.12E-08	0.1295847	179229
Tuba1b	0.0004534464	0.1294821	86308
Cst3	9.02E-06	0.1292025	152406
Srrm2	1.99E-09	0.1287113	95197
Srsf11	4.47E-07	0.1286826	71281
N4bp2l2	0.02981868	0.1286715	31426
Trir	2.86E-09	0.1285034	85361
Fkbp2	7.87E-05	0.1280836	60835
Reep5	1.30E-09	0.1263807	99321
Rpl34	1.41E-31	0.1254413	975106
Nudt21	0.00016968957	0.1253127	49545
Ddost	0.0002349108	0.1251638	51541
Sec62	6.48E-09	0.1235112	96551
Hnrnpa1	2.85E-08	0.1225478	121204
Rps27	4.21E-24	0.121756	615505
Tmem208	3.92E-05	0.1211853	55921
Hdgf	7.35E-07	0.1210773	96387
Tmem256	0.0001290856	0.1189538	54370
Lsm5	0.005203845	0.1177892	66933
Magoh	7.06E-05	0.1174654	64367
Wdr83os	4.58E-07	0.1169786	83606
Srsf3	3.23E-07	0.1150116	111244
Cox5a	5.05E-12	0.1148547	160496
Ssr4	2.11E-06	0.1142947	96410
Wfdc2	3.33E-05	0.1141295	410974
Cdc42	5.32E-14	0.1141	152603
Mif	3.83E-08	0.1138737	609843
Cct3	0.00012626253	0.113389	76434
Akr1a1	2.67E-08	0.1131764	87636
Bcap31	0.002687	0.1129	49388
Itga6	0.02351868	0.1126163	71841
Gm11808	0.0019429982	0.1117733	51790
Eif5	1.83E-06	0.1116326	100504
Psma5	1.81E-06	0.1106874	89401
Tmed9	0.042146	0.1102087	42380
Tpd52	3.42E-05	0.1096581	77035
Atp5l	3.54E-14	0.1092758	173902
Hmgb1	1.50E-05	0.109109	359482
1810037I17Rik	6.53E-08	0.1081658	144266
Psmd7	4.25E-05	0.106848	91483
Rps12	3.80E-18	0.1059054	1806007
Calr	0.014950701	0.1046952	262469
Hnrnpa0	0.03943269	0.1045475	49496
Lamp1	2.27E-08	0.1033077	136667
Rbm3	2.52E-07	0.10195	190054
Snx3	0.0016857574	0.1019	60390
Smdt1	2.01E-08	0.1008256	166937
Cd9	1.05E-06	0.0996646	364399
Ppib	1.16E-07	0.0995999	146618
Atp5a1	7.09E-07	0.0978121	126155
Slc25a5	0.04360662	0.0960168	81732
Nedd4	0.009876253	0.0954873	74759
Tm4sf1	0.003690948	0.0952525	705153
Selenok	0.016873294	0.0949726	75853
Uba52	0.0004621035	0.0931694	88343
Sub1	0.002751104	0.092401	80754
Ldha	0.0018680382	0.0920166	355229
Pgls	0.0279312	0.0907316	73114
U2af1	0.017991974	0.0907307	75042
Cyb5a	0.04881976	0.0903661	135198
Gng5	7.72E-14	0.0894722	427277
Cycs	0.033792	0.0882468	129804
mt-Nd3	1.22E-06	0.0877238	159440
Rpl10	1.03E-11	0.0867128	558402
Rhox5	0.00010327009	0.0865474	356852
Snrpd1	0.004650744	0.0864962	119347
Atp5g2	3.45E-09	0.0858263	258590
Rps3a1	7.01E-17	0.085721	1077554
Ybx1	1.67E-09	0.0854883	359144
Rps28	1.02E-12	0.0848579	612714
Rpl13a	0.03441908	0.0847392	81722
Txn1	1.31E-06	0.0841492	313228
Btf3	2.18E-10	0.0809366	256072
Eny2	0.015985264	0.0796592	99349
Hnrnpa2b1	0.003797181	0.0794823	191402
Vdac3	0.0312872	0.0789866	88839
Rps6	3.94E-07	0.0778312	314231
Sh3glb1	0.01150416	0.0770914	170089
Ywhae	9.00E-05	0.0770761	166447
Itm2b	0.005161256	0.0697729	273749
Pebp1	0.02814014	0.0683442	177543
mt-Nd2	0.0001169552	0.0628446	517719
Elob	0.00018267547	0.061642	302593
Rpl11	0.00896574	0.0473136	724679
mt-Co3	3.27E-14	0.0426349	4066436
mt-Co2	0.007035336	0.0252482	2519371
Rps16	0.04798488	-0.0399912	935051
mt-Cytb	1.98E-05	-0.0412443	2206690
Rpl22	0.0013729968	-0.0484022	692378
Rps20	0.00247296	-0.0492761	964486
Rps3	0.02099889	-0.0514642	438669
Rps9	9.15E-05	-0.0530227	679080
Hsp90ab1	0.00011976984	-0.0541762	1068367
Rpl15	0.001241885	-0.0545627	599342
Rps7	0.0015250697	-0.0583346	467965
Rpl39	2.94E-05	-0.0595776	696212
Rps5	0.00011196225	-0.0603837	631033
Atp5j2	0.004948251	-0.0629764	265428
Ptma	0.007650818	-0.0661346	1041490
H3f3b	0.004586876	-0.0724659	372862
Calm2	0.000416736	-0.0729852	245404
Pabpc1	0.0106615	-0.0730381	163166
Actg1	0.03002874	-0.0753289	683150
Vim	0.0001080486	-0.0855726	627306
Ywhaz	2.87E-07	-0.087546	212605
mt-Co1	1.42E-15	-0.0878551	3063929
Prdx1	2.17E-10	-0.0890927	836521
Sumo2	2.64E-06	-0.0900185	148024
Rpl36	9.93E-13	-0.0904045	585848
Rps21	2.80E-16	-0.0934917	774263
Pdia3	0.02646	-0.0941694	97879
Vamp8	0.000481518	-0.0952336	111185
Fau	1.39E-22	-0.0956986	1275662
Polr2k	0.012055234	-0.097784	55993
Rpl37	8.17E-21	-0.1009117	835275
Tpm1	0.006120972	-0.1010191	102291
Ppia	3.72E-21	-0.1035301	881548
Srp14	0.00151018	-0.1039108	61501
Tomm7	4.45E-07	-0.1069363	104569
Tmem167	0.00364837	-0.109034	57219
Rrbp1	0.0007446224	-0.1095165	86014
Denr	0.011060928	-0.1098419	55406
Tmem14c	0.04714976	-0.1119099	41523
Aldh2	0.0073761	-0.113285	58585
Mrpl21	0.002494232	-0.1170607	50944
Chic2	0.03650646	-0.1202276	49208
Gsto1	8.78E-05	-0.1219125	92826
P4hb	7.21E-05	-0.1221897	90495
Rpl35a	3.35E-28	-0.1249883	595173
Txnl4a	0.020872608	-0.1252346	35496
Gnas	1.50E-11	-0.1279661	120216
Cyc1	3.36E-05	-0.1291569	60639
Tomm5	6.98E-05	-0.1313577	61236
Ddx5	9.45E-13	-0.1328312	152244
Chchd1	0.0003821312	-0.1331609	43134
Mrpl33	2.69E-08	-0.1338161	87818
Grpel1	0.0003194163	-0.1350269	41561
Srp72	0.0107666	-0.1354911	32542
Eef1g	2.44E-12	-0.1355772	131457
Eif1	3.19E-35	-0.1357506	514906
Ergic3	0.04089908	-0.1368608	26443
Adss	0.03399998	-0.1373662	28168
Ccdc34	0.004735588	-0.1374249	62723
Ier3	0.019610052	-0.138088	344316
Eif3h	6.83E-16	-0.1388736	114023
Atp5e	7.75E-18	-0.1390418	162982
Mdh1	4.95E-05	-0.1396646	44848
Hsp90aa1	1.53E-11	-0.1398979	215259
Atp5c1	1.70E-11	-0.1409635	86827
Rpl7a	8.00E-26	-0.141822	290368
Cltc	0.009896656	-0.142056	31311
Cct8	7.16E-07	-0.1422514	57257
Mrps18a	7.15E-05	-0.1422946	37387
Gcsh	0.006502864	-0.1427364	35147
St13	9.59E-13	-0.142824	86915
Cdk6	0.0020179232	-0.1432572	43928
Prkg2	0.007418513	-0.1447657	66872
Romo1	2.18E-07	-0.1449701	51106
Ufc1	2.05E-06	-0.1453626	46179
Mrpl43	0.005651976	-0.1461009	27377
Pak2	0.0017950317	-0.1473745	29580
Skp1a	3.18E-08	-0.1478748	55509
Rpl30	6.86E-51	-0.1483323	961245
Rpl12	6.81E-36	-0.1483952	685909
Plaur	0.001552896	-0.1485247	56354
Esd	3.40E-11	-0.1487	101421
App	0.002302319	-0.148713	36064
Luc7l3	0.000988034	-0.1489938	35106
Tmco1	4.06E-08	-0.1493296	55510
Snx5	0.021039328	-0.1495957	25139
Soat1	0.021122172	-0.1496542	31803
Nop58	0.0015250697	-0.1501898	46109
Cnih4	2.04E-10	-0.1512191	70115
Xiap	0.02876944	-0.1517633	24956
Rpl35	2.49E-28	-0.1519329	298436
Timm8b	2.66E-05	-0.1524127	37650
Spr	0.017358799	-0.1528383	23104
Hspa8	3.12E-29	-0.1529649	480428
Rpl8	5.15E-46	-0.1536646	793551
Smim11	0.003050444	-0.1538019	26383
Cct5	3.46E-12	-0.1546873	75073
Rbms1	0.0004382996	-0.1564809	36926
Smndc1	0.0159435	-0.1597286	22051
Nsmce2	0.01182261	-0.1597365	21700
Itgav	0.041307	-0.1603865	24723
Avpi1	2.26E-05	-0.1608404	40287
Myef2	0.012414402	-0.1610297	24844
Mrps18b	0.03566745	-0.1611335	20298
Psmd2	4.54E-05	-0.1615626	33440
Pcnp	1.03E-05	-0.1620741	34538
Emc6	7.89E-08	-0.162418	43444
Eprs	0.002174025	-0.16294	28747
Atp5o.1	9.73E-13	-0.1636548	86555
Sod1	8.18E-06	-0.1643083	35208
Ube2r2	0.0020798946	-0.1646473	23560
Msi2	0.011018821	-0.1648448	26098
Hsd17b12	0.0002587536	-0.1651911	26484
Vapb	0.03191536	-0.165291	18765
Gda	0.021204	-0.1656194	35181
Cops9	7.89E-12	-0.1656566	55296
Txn2	3.14E-06	-0.1673039	35776
Sdc1	0.002729738	-0.1676461	30006
Gpx1	8.25E-17	-0.168372	193434
Bzw1	1.87E-11	-0.1684682	61867
Smap1	6.31E-06	-0.1688941	31374
Atp5j	1.13E-24	-0.1692297	124268
Actb	1.75E-14	-0.1694342	2838841
Psmb7	1.71E-07	-0.1716799	38671
Mrps24	1.63E-13	-0.1736869	61926
Psmg4	0.010279614	-0.1737728	18611
Derl1	0.00684384	-0.1748244	19858
Supt4a	4.59E-09	-0.17622	39266
Cbx1	4.93E-05	-0.1771855	27276
Fam104a	1.04E-08	-0.1772836	40130
Fkbp1a	1.59E-24	-0.1780199	155844
Top1	8.13E-10	-0.1788166	47603
Ubald2	0.013513435	-0.1801677	18373
Ndufb4	9.15E-11	-0.1802561	46835
Trappc4	1.85E-06	-0.1807854	29755
Clu	0.04277007	-0.1810931	1104732
Paics	2.55E-05	-0.1822493	28111
Cd81	1.10E-11	-0.1835703	72084
1500011K16Rik	0.002387499	-0.1841304	19517
Zfp706	6.54E-31	-0.1852714	141058
Cggbp1	0.0006132327	-0.185447	20822
Etfb	8.18E-07	-0.1856405	31270
Mrpl27	0.001647184	-0.1858139	17731
1110008F13Rik	2.47E-11	-0.186285	43541
Rpl38	3.79E-52	-0.1863804	429332
Slc25a17	0.02772353	-0.1866118	15400
Atp5g1	1.17E-27	-0.1868586	168805
Plac8	2.46E-18	-0.1868849	667304
Syngr2	2.19E-06	-0.1870099	30492
Lin7c	0.04506412	-0.1871099	14483
Med29	0.0005461596	-0.1871299	19652
Pfdn4	7.57E-10	-0.1878325	40100
Ndufa8	9.75E-10	-0.1878989	35379
Ndufa5	1.08E-08	-0.1891481	38151
Aff4	0.0004858112	-0.1896627	25104
Eif3m	3.52E-14	-0.1904849	50247
Fkbp11	2.74E-05	-0.1905539	45397
Ndufa10	1.59E-06	-0.1906142	27420
Rbm17	0.01847445	-0.1915628	15052
Cops8	0.0013301904	-0.191565	16975
Ndufb9	7.81E-36	-0.1919382	152910
Tor1aip2	0.0015080925	-0.1920882	18277
Puf60	0.0001740222	-0.1925032	22532
Golgb1	0.0222537	-0.1927666	16315
Coro1b	0.0390165	-0.194196	13069
Chrac1	0.0002240765	-0.1951403	19060
Actr2	1.11E-07	-0.1951761	32834
Ddrgk1	0.014105988	-0.1954207	14978
Krt19	3.63E-11	-0.1963175	480055
Eif3d	1.34E-09	-0.1964299	34285
Plin2	6.28E-05	-0.1967933	38315
Mrpl32	0.0006326764	-0.1971664	17420
Cacybp	2.51E-08	-0.1980031	41185
Chmp4b	2.85E-13	-0.1982063	42570
Ranbp1	1.82E-20	-0.1985047	128896
Rpl5	2.22E-59	-0.1996777	427404
Prkar1a	8.59E-14	-0.2004742	43563
Psma7	3.83E-37	-0.2008405	184833
Jpt1	8.88E-18	-0.2010334	80669
Ppfibp1	0.006142087	-0.2012362	15944
Arf1	4.64E-25	-0.2016	78143
Mprip	5.48E-06	-0.2016685	23219
Slc6a6	2.50E-06	-0.2023326	29244
Htra2	0.02141503	-0.2034792	13238
Ccdc12	7.84E-12	-0.2041794	35875
Med30	5.54E-06	-0.2043401	21990
Psmd11	5.63E-09	-0.2046768	32328
Lad1	0.03964168	-0.2050074	12887
Imp3	3.14E-06	-0.2062009	22200
Med21	8.40E-15	-0.2062891	50868
AC149090.1	0.0005181281	-0.2063309	20866
Nop10	5.13E-21	-0.2063901	80772
Cd44	1.74E-08	-0.2064175	47386
Glrx2	0.0008264952	-0.206782	15733
Vps4b	0.0004621035	-0.2068128	15673
Mrpl12	1.43E-11	-0.2068222	39732
Snrpe	3.85E-37	-0.2072274	147608
Rtn4	7.00E-25	-0.2073413	101908
Nenf	7.44E-17	-0.2076134	49570
Mrpl14	2.24E-15	-0.2076185	45469
Tpr	1.45E-14	-0.2078713	51924
Gatm	1.70E-05	-0.2081756	27042
Sdf2	2.96E-05	-0.2082699	19265
Rala	1.12E-12	-0.2087653	43264
Sptbn1	6.88E-13	-0.2088125	45186
Eif3l	5.09E-10	-0.2109159	30526
Npc2	1.37E-16	-0.2117329	51169
Taf15	0.02204592	-0.2123499	12339
Tram1	1.21E-09	-0.2131112	29719
Eef1akmt1	6.30E-05	-0.2132957	17851
Igfbp7	2.85E-08	-0.2140339	145039
Fam49b	3.67E-09	-0.2141312	28267
Arpc5	6.62E-20	-0.214638	56140
Ppp1r2	4.89E-09	-0.2152345	28424
Ets2	0.02204592	-0.2163149	12380
Tmem205	0.0001612016	-0.2163323	18383
2310009B15Rik	0.000714582	-0.216471	14889
Rars	5.65E-06	-0.2167633	20507
Ndufb2	5.93E-15	-0.2168583	38551
4930523C07Rik	0.003563024	-0.2169532	14632
C1d	3.32E-12	-0.2182343	31064
Polr2f	3.32E-38	-0.2182758	118968
Nmt2	0.00021497892	-0.2186722	17814
Atp5k	2.04E-31	-0.2193641	105002
Rab1a	3.50E-14	-0.2198326	35520
Rab5c	0.00019067892	-0.2199267	14320
Npdc1	4.96E-07	-0.2201736	22015
Mettl9	0.000276098	-0.2214572	15948
Mapk1	1.76E-07	-0.221477	22277
Prmt2	0.03420954	-0.2217358	10121
Slc25a39	5.54E-10	-0.2233415	26406
Rpl37a	2.42E-94	-0.2238529	588089
Psmd5	0.04339802	-0.2242285	9542
Cops4	2.26E-05	-0.2244873	15898
Plgrkt	2.53E-05	-0.2246502	16964
Ddx42	0.04506412	-0.2247494	9751
Acot9	0.006396507	-0.2248018	11417
Appbp2	0.00343552	-0.2251928	12324
Hspd1	4.06E-21	-0.2260084	120029
Dtymk	1.89E-14	-0.2260139	47285
Scand1	1.17E-10	-0.2260293	30595
Ehd1	0.0018057224	-0.2264389	12763
Ubxn4	1.39E-14	-0.2266696	36992
Utp3	5.53E-08	-0.2270411	23101
Nfe2l1	5.89E-05	-0.2273314	15476
Chp1	0.00019978434	-0.2273542	14797
Map1b	1.05E-08	-0.2277037	29935
Galk1	0.0001557985	-0.2281823	16557
Yaf2	2.88E-06	-0.2286671	18387
Eif5b	4.80E-25	-0.2289	68232
Crip1	1.18E-13	-0.2289878	687555
Prdx3	2.04E-06	-0.2294397	20042
Hspe1	1.08E-39	-0.2304894	259816
Dnm1l	0.02897687	-0.2305654	9050
Slc9a3r1	5.63E-09	-0.2308125	25170
Ttc3	0.0279312	-0.2308166	12122
Atg3	0.008286516	-0.2314516	10630
Prdx5	2.70E-19	-0.2318732	105995
Sde2	0.0001471095	-0.2319536	14992
Ssbp1	2.27E-13	-0.2329654	33326
Pdlim7	0.00120096	-0.233037	13883
Nt5c	6.33E-08	-0.2333525	21732
Pigp	0.00011652414	-0.2334003	14944
Vamp5	8.59E-17	-0.2337557	52903
Sec61g	2.72E-56	-0.2349033	226858
Tnfaip1	0.001465282	-0.2350845	11956
Cyhr1	0.0002262312	-0.2362396	12908
Ssna1	2.56E-11	-0.2366652	26660
Sdc4	5.84E-20	-0.2382878	83627
Arf5	2.56E-34	-0.2383147	79463
Ube2w	0.001403025	-0.2383692	11113
Selenom	4.70E-10	-0.2384576	38382
Hint1	1.64E-72	-0.2388101	258476
Ndfip2	2.50E-09	-0.2389463	22991
G3bp1	2.07E-13	-0.2390353	34570
Rad50	0.03525537	-0.2391421	9619
Ndfip1	0.00017011742	-0.2395209	13685
Mgst3	5.76E-27	-0.2397548	164983
Pigx	0.002281014	-0.2398498	10907
Cyp20a1	4.56E-05	-0.2401875	13669
Krt20	4.14E-08	-0.2406829	35512
Uqcr10	4.69E-36	-0.2407414	89011
Hnrnpab	3.98E-31	-0.2408772	84324
Ier5	1.35E-07	-0.2422751	33721
Actr3	1.45E-31	-0.2423366	71716
Clint1	2.39E-07	-0.2424609	20046
Supt6	0.005374412	-0.2432758	10284
Vdac2	1.15E-36	-0.2433579	92555
Litaf	5.48E-08	-0.2435217	20374
Trib1	0.00064992	-0.2446849	25896
Stx8	0.00013885326	-0.2447243	12179
Coq2	0.02666916	-0.2447318	8690
Anxa4	6.43E-33	-0.2451482	97500
Phb	1.76E-06	-0.2453378	16139
Chmp2b	3.77E-05	-0.2457038	15051
Cox5b	4.99E-51	-0.2460464	152093
Tsn	7.97E-17	-0.2463273	36013
Guk1	2.42E-10	-0.2464886	23565
Ralb	0.0012871216	-0.2465501	10548
G3bp2	3.63E-14	-0.2466077	31291
Pttg1	0.0015122673	-0.2474849	11202
Lrrfip1	2.25E-12	-0.2478484	38866
Rpl19	1.74E-146	-0.2485665	958610
Mpdu1	0.002344917	-0.2487908	10165
Efemp1	0.01693625	-0.2492172	10500
Tor1aip1	0.0001937174	-0.2502341	12191
Hmox2	0.0006348138	-0.2503937	10653
Mtap	2.37E-09	-0.2510855	24492
Mrps14	2.42E-33	-0.251132	65267
Utp18	0.0004188872	-0.2514504	11738
Snd1	1.91E-05	-0.2515	13301
Rpl7	3.69E-74	-0.2520616	404237
Lamc2	0.010724463	-0.2521717	13249
Lrrc59	2.18E-13	-0.2528562	31404
Uqcrq	1.74E-42	-0.2531532	121657
Sppl2a	1.90E-09	-0.2538969	22312
Ncstn	0.03295656	-0.2539582	7580
Arpc2	5.26E-69	-0.2539913	170842
Tiprl	1.85E-06	-0.2542257	13731
Pdcl3	2.10E-11	-0.2543996	21933
Cdc42se2	0.00247296	-0.2544692	9384
Cnot6	1.95E-07	-0.2547021	16177
Mtpn	3.51E-20	-0.2550552	48789
Rpl31	9.12E-56	-0.2551745	198009
Tfg	7.09E-08	-0.2558612	16867
2510002D24Rik	0.00236632	-0.2560609	10024
Tnfaip8	1.33E-11	-0.2562378	24564
Mrps33	3.11E-28	-0.2567	51672
Eef1d	4.74E-67	-0.2569866	171701
Cnot4	0.0004382996	-0.2573088	10238
Edf1	2.81E-47	-0.2577461	96414
Rpl24	7.29E-107	-0.2580006	476038
Mrps9	0.0004836647	-0.2595967	10256
Nab1	7.36E-09	-0.260998	18613
Nipsnap3b	0.004095995	-0.2622857	8989
Ecm1	7.02E-08	-0.2623073	58772
Smarce1	2.86E-11	-0.2639029	20121
Asap1	5.70E-06	-0.2639799	13386
Eef1b2	1.54E-90	-0.264212	328737
Cox17	3.11E-20	-0.2653942	34475
Tmsb4x	2.22E-45	-0.2659243	1697067
D1Ertd622e	0.013429573	-0.2665338	7885
Tsta3	1.46E-11	-0.2667143	20473
Cd47	3.60E-44	-0.2670493	92838
Gspt1	2.47E-22	-0.2672866	46490
Ndufs2	3.89E-24	-0.2691067	41000
Mrpl30	1.63E-30	-0.2692906	50581
Rnft1	0.017527125	-0.2695305	7307
Tatdn1	1.40E-05	-0.2695723	11471
Grsf1	0.004202828	-0.269954	8265
Ccdc58	5.66E-12	-0.270067	21198
Psmb10	5.22E-10	-0.2706082	22651
Snhg6	1.93E-19	-0.2706611	42098
Wdr12	0.0008609138	-0.2706924	9907
Psmd3	8.33E-10	-0.2709614	17909
Msln	1.59E-10	-0.2709987	52546
Arl8a	2.81E-06	-0.2711072	13022
Mtf2	0.006311525	-0.2711384	8042
Rrs1	0.004458688	-0.271719	9298
Ddx41	8.52E-05	-0.2717614	9983
Casp8	1.83E-06	-0.2717936	13255
Triobp	3.27E-08	-0.2718521	15949
Smim26	0.005076066	-0.2719504	7931
Srp9	1.33E-34	-0.273343	57694
Ttc1	2.07E-05	-0.2734209	10755
Eif2s3x	6.32E-12	-0.2734311	22214
Mien1	7.94E-21	-0.2744726	38864
Capn2	8.19E-09	-0.2746775	16922
Mrc1	0.000498709	-0.2756725	16371
1110004E09Rik	8.65E-06	-0.2762391	12093
Rbm28	1.01E-06	-0.276504	13092
Ncl	1.56E-26	-0.2771977	144961
Ccnd1	1.19E-18	-0.2772632	64432
Grn	9.42E-07	-0.2779975	14049
Zc3h15	9.32E-26	-0.278293	40604
Timp2	5.81E-36	-0.2783095	89649
Rpl23	5.39E-158	-0.2784471	936035
Pgs1	0.04089908	-0.2789005	6513
Mtch2	5.75E-15	-0.2792129	26232
Drg1	9.74E-08	-0.2792644	13834
Snf8	4.83E-13	-0.2795237	20878
Aatf	0.011907259	-0.2808227	7083
Psmd10	7.24E-05	-0.2811608	9434
Itga2	1.86E-07	-0.281682	21225
Ehbp1l1	0.0001189081	-0.2821662	9922
Dars	1.38E-05	-0.2823768	10995
Gna13	1.66E-05	-0.2830746	12679
Chmp6	2.57E-06	-0.2841077	11881
Hsd17b11	1.74E-08	-0.2842477	15618
Ddx52	0.000308566	-0.2847134	8892
Sh3pxd2b	0.002216766	-0.2847658	7763
Tpd52l2	6.36E-15	-0.2850441	23340
Commd1	6.43E-17	-0.2850933	25996
Nans	3.97E-08	-0.2857012	13517
Btg2	0.0003237472	-0.2858278	29100
Bod1	4.20E-06	-0.2862901	10940
Nubp1	1.48E-07	-0.2863752	13470
Rack1	5.46E-116	-0.2866294	363315
Ecscr	4.91E-10	-0.2870867	28981
Cops5	9.63E-15	-0.2872825	22142
Smim8	0.04110405	-0.2876759	6040
Hdlbp	2.08E-23	-0.2884527	38684
Vat1	0.0010934154	-0.2891194	8276
Ube2h	5.30E-05	-0.2891707	10265
Plekhb2	4.93E-05	-0.2892501	9291
Rtf2	6.07E-06	-0.2892584	10079
Nifk	1.47E-05	-0.2895848	10691
Sdhc	4.63E-16	-0.2896507	22555
Cul1	4.36E-10	-0.2899298	15899
Mrpl10	0.0007081839	-0.2900238	7677
Txndc9	4.66E-14	-0.2901113	21454
Zcchc10	3.08E-06	-0.2905958	12196
Srd5a1	0.03023592	-0.2906478	7555
Parl	1.35E-08	-0.2906633	14071
Slc4a7	4.18E-06	-0.2910334	11276
Rbp4	6.04E-20	-0.291119	78881
Eftud2	0.0002240765	-0.2912449	8304
Pold4	2.10E-13	-0.2912908	38589
Cenpx	1.80E-10	-0.2913534	17693
Ttyh2	0.006864906	-0.2913796	7171
Stam2	0.01091328	-0.2922261	6174
Atp6v1b2	0.000157963	-0.2923658	10499
Kdm5b	9.41E-05	-0.2927704	9878
Aldh9a1	0.0011988555	-0.2932829	7565
Tomm70a	5.22E-10	-0.2935911	16112
Rps27a	2.38E-151	-0.2950211	1129748
Fmc1	1.12E-08	-0.29513	14355
Ddx18	5.63E-13	-0.2951329	19453
Jak2	0.00236632	-0.2958887	7014
Tmem184c	0.03149711	-0.296216	5878
Jun	8.41E-09	-0.2962639	77657
Dok1	0.00013385814	-0.2964789	9444
Lasp1	7.62E-15	-0.2965593	22711
Mat2b	3.72E-09	-0.2966295	13868
Eif6	4.14E-43	-0.2970119	70207
Sumo1	9.46E-35	-0.2978531	44839
Uck2	1.59E-06	-0.2993227	11172
Jag1	0.0011708826	-0.3001185	11687
Hist1h2bc	0.002451684	-0.3002902	24358
Fh1	3.63E-09	-0.3010225	13505
Mob1b	6.08E-10	-0.3014228	15258
Fopnl	1.85E-05	-0.3016436	9255
Tmem199	0.00482085	-0.3017286	6445
Rpl27	2.23E-69	-0.3019505	116315
Nagk	0.00060676	-0.3021331	7565
Spop	9.41E-08	-0.3022929	12708
Fhl2	7.80E-12	-0.3023066	18984
Larp1	1.96E-07	-0.3025827	11844
Ahsa2	7.90E-06	-0.3027555	9373
Nradd	0.004309239	-0.3029137	7873
Plek2	1.21E-08	-0.3036946	14577
Ppp2ca	3.01E-37	-0.3038705	48366
Ssh2	0.010850862	-0.3040291	5956
Psme1	3.57E-26	-0.3042019	40506
Zfpm1	3.98E-06	-0.3043797	13219
Myh9	6.73E-19	-0.304393	36777
Dusp10	0.03044592	-0.3046247	7850
Hint2	0.00236632	-0.305011	7256
Il11ra1	0.019672794	-0.3053017	5650
Psmc5	3.57E-24	-0.306142	31535
Pea15a	1.65E-05	-0.3064609	10864
Fundc1	2.76E-07	-0.3067157	10520
Tfb2m	0.01355536	-0.3080522	5773
Ndufb3	2.16E-39	-0.3087152	50922
Cct4	6.20E-27	-0.3087436	35926
Serpinb6a	3.37E-47	-0.3101402	134040
Tmem98	3.65E-06	-0.3105038	9671
Nol11	7.32E-06	-0.3109802	9431
Atp6v1f	2.13E-36	-0.3111491	48990
Pgm2	0.004032036	-0.3115393	8972
Dhrs1	5.46E-06	-0.3117976	10808
Fam162a	1.86E-17	-0.3119134	90173
Polr2h	3.73E-24	-0.3124469	30279
Ube2b	1.23E-36	-0.3124668	46225
Hspa4	6.74E-24	-0.312606	34559
Ppp3r1	1.41E-08	-0.3128904	11122
Cmtm7	0.002537	-0.3130046	6942
Cd53	0.04547016	-0.3133217	15171
Irf1	0.02583106	-0.3137484	6397
Mrpl45	8.59E-09	-0.3160024	12339
F11r	7.03E-22	-0.3162298	29834
Slc40a1	0.007566396	-0.3162484	9069
Psmg1	7.02E-05	-0.3163477	7747
Zyx	0.0001481924	-0.3164432	8258
Trmt10c	0.0008285822	-0.3175661	6580
Cotl1	1.64E-07	-0.3182877	13950
Ube2v2	6.92E-20	-0.3193674	25403
Lsm10	0.003690948	-0.3197238	5577
Jup	1.85E-08	-0.3212238	12557
Timp1	4.98E-09	-0.3214376	23691
Unc50	1.66E-08	-0.3220913	10767
Ppp6c	6.54E-07	-0.3223625	9056
Nudt5	9.82E-07	-0.3224276	9416
Zdhhc12	2.85E-05	-0.3234526	8004
Basp1	8.20E-28	-0.3237434	105669
Sec24a	3.42E-05	-0.3244045	8368
Ublcp1	0.00018527972	-0.3247243	7067
Npc1	5.00E-07	-0.3249703	10016
Mrpl15	6.79E-21	-0.3252953	25269
Psmd12	3.12E-29	-0.3262008	33007
Phldb2	2.64E-12	-0.3264406	18166
Kdsr	0.00011326656	-0.3277414	7655
Dtd2	0.01120906	-0.3277675	5124
Cdh17	3.69E-10	-0.327878	24166
Tagln2	8.48E-103	-0.3279396	317299
Serpinb1a	2.53E-09	-0.328578	58392
Rcl1	0.0004621035	-0.3294705	6627
Pfdn2	3.19E-53	-0.3299668	61994
Mrpl44	0.013027644	-0.3300443	4811
Crkl	0.0379764	-0.3307708	4336
Cebpb	4.27E-20	-0.3308473	60450
Vdac1	1.59E-48	-0.3320169	65531
Ppil2	1.12E-05	-0.3325289	7552
Dnajc7	1.17E-11	-0.3331106	13409
Xrcc5	1.37E-05	-0.3331257	7955
Prorsd1	0.007227454	-0.333491	5312
Exosc4	4.01E-16	-0.3340241	17803
1300002E11Rik	0.02477826	-0.3354979	4714
Gk	0.02477826	-0.337686	5115
Cdkn2a	8.47E-47	-0.338179	106485
Ptprn	9.81E-06	-0.3392451	9545
Tmem63a	9.61E-05	-0.3393209	6562
Mrpl39	0.00017595816	-0.339428	6275
Eif4e2	3.65E-21	-0.3397708	22676
Ccdc43	9.28E-05	-0.3404075	6459
Cdk5rap3	2.62E-08	-0.3407496	9719
Glis2	0.020768506	-0.3409084	4550
Eloc	1.18E-55	-0.3414326	65067
Gch1	1.84E-13	-0.3424424	17820
Farsb	3.83E-07	-0.3425179	8601
Mrps23	5.96E-11	-0.3432779	11600
9530068E07Rik	6.01E-18	-0.3445418	18810
Rnpep	1.50E-07	-0.3446386	9107
Poldip2	0.00010956652	-0.3454597	6385
Acbd3	3.80E-12	-0.3458373	13344
Fyttd1	7.52E-16	-0.346122	16709
Ftsj3	1.15E-07	-0.3464099	9568
Timm17a	1.79E-33	-0.3484066	32517
Nck2	6.54E-05	-0.3484732	6397
Pcdh7	1.27E-11	-0.3485833	16848
Ifrd2	0.02435585	-0.3489102	4389
Edem2	0.0002587536	-0.3495118	5777
Tnfaip2	2.22E-14	-0.3498986	18470
0610009B22Rik	3.46E-10	-0.3534083	10636
Gm14005	6.18E-07	-0.3536233	9186
Cryzl1	3.85E-09	-0.3538902	9881
Otulin	1.03E-11	-0.3543955	11587
Gjb3	1.42E-09	-0.3547549	12529
Nudcd2	3.73E-19	-0.3550061	19862
Bok	9.44E-36	-0.3550386	43409
Aamp	7.59E-27	-0.3551305	24164
Igsf8	3.18E-09	-0.3554952	10554
Uap1l1	0.000843687	-0.3559636	6246
Lsm12	1.29E-38	-0.3571267	34779
Mrpl55	1.09E-08	-0.3571914	9020
Axl	8.32E-08	-0.3577569	9441
Rpl27-ps3	1.33E-08	-0.3583851	8682
Lxn	8.44E-23	-0.3593066	28384
Pycr2	1.92E-11	-0.3604106	11920
Tmem97	2.39E-07	-0.3608415	9867
Ormdl3	0.03546144	-0.3615225	4370
Peli1	3.99E-05	-0.36191	6207
Plekhh3	0.017105445	-0.3620699	3887
Mdm4	0.016088521	-0.3621828	3999
Sat1	9.38E-15	-0.3628826	37590
Psme2	1.44E-34	-0.3629981	36698
Trap1	4.10E-09	-0.3644928	8830
Ppip5k2	7.39E-06	-0.3650308	6861
2310033P09Rik	5.12E-11	-0.3656568	11232
Prpf6	3.21E-07	-0.365746	7364
Sar1b	7.01E-26	-0.3666656	21861
Cr1l	1.97E-05	-0.367581	5812
Tmem29	3.81E-07	-0.3692633	7389
Impdh1	0.00020150686	-0.3700813	5797
Rnf19b	6.02E-05	-0.3702734	5974
Ccng1	0.00917835	-0.3706348	4087
Nhp2	2.32E-49	-0.3709124	70809
Ten1	6.01E-11	-0.3712967	12133
Abhd14a	0.03504592	-0.3713429	3673
Gata5	0.003328935	-0.3722523	4844
2-Mar	7.29E-33	-0.3731857	28942
1700025G04Rik	1.11E-06	-0.3733201	7694
Agrn	4.74E-07	-0.3753972	7616
Med15	2.00E-06	-0.3778904	6532
Maip1	1.56E-05	-0.3782233	5679
Arl4c	7.34E-13	-0.3792606	17607
Fastkd2	2.28E-05	-0.3793055	5813
Npm1	4.04E-110	-0.3798331	378370
Tgm2	1.45E-07	-0.3800806	8928
Ifi211	0.008307484	-0.3803275	4657
Lactb2	0.003350256	-0.3810283	4661
Znhit3	2.54E-07	-0.3810878	7094
Mrpl1	8.12E-18	-0.3822868	14353
Ccm2	0.0002062848	-0.3826752	4891
Csrp1	1.68E-17	-0.3829523	17327
Psen2	4.66E-06	-0.383431	6047
Txndc11	0.0014844976	-0.3835287	4338
Tst	0.003775904	-0.3838264	4976
Rsl1d1	1.89E-36	-0.3857569	36889
Lancl1	0.04923594	-0.3868811	3427
Galc	0.03358239	-0.3888811	3401
5730559C18Rik	0.0001373337	-0.3894482	5102
Pilra	3.52E-08	-0.390901	8590
Ahr	0.005737344	-0.3911728	4695
Rrp15	1.07E-15	-0.3918872	12778
Mlx	1.06E-12	-0.3932262	9837
Lgr4	1.15E-05	-0.3933355	7575
4930461G14Rik	1.94E-19	-0.3936756	18004
Ube2f	4.60E-17	-0.3950847	13192
Pmepa1	1.01E-32	-0.3960365	75621
Iars2	8.78E-06	-0.396091	5318
Psmb3	1.05E-92	-0.3963145	102602
Fbln2	9.89E-14	-0.396645	37501
Fam173b	1.45E-07	-0.3968893	6546
Mrpl22	4.07E-23	-0.3973357	17147
Hspb11	2.06E-10	-0.3981436	8759
Prkca	1.48E-10	-0.3983873	8873
Rara	3.65E-07	-0.3993488	6814
Apol7a	0.017971578	-0.3998916	3575
Mitd1	9.49E-11	-0.4019376	9008
Ghr	0.000250079	-0.4025067	5565
Krt23	2.28E-09	-0.4027994	12695
Tmbim1	2.24E-14	-0.403076	11485
0610012G03Rik	6.66E-27	-0.4057104	19863
Atic	1.80E-14	-0.4059334	11882
Dhx8	0.005800755	-0.4060996	3374
Mpg	2.77E-06	-0.4069547	5547
Pno1	4.41E-17	-0.4078205	13119
Btc	4.76E-15	-0.4078478	18332
Pigs	1.19E-05	-0.4081173	4960
Crlf3	0.0008200802	-0.4083378	4100
Coa5	1.11E-05	-0.4084183	5116
Ppp1r7	7.06E-06	-0.4086841	5328
1810058I24Rik	1.49E-40	-0.4097966	34620
Sdf2l1	2.44E-12	-0.4103838	22562
Frmd4a	6.55E-09	-0.4105262	8002
Wrb	0.002515617	-0.4115631	3779
Lbh	3.76E-07	-0.4117408	7555
Id1	2.75E-12	-0.4123046	33510
Ddx56	1.23E-07	-0.4134307	6201
Usf1	2.96E-07	-0.4141	5856
Asnsd1	1.28E-06	-0.4145326	5705
Ptrh2	1.13E-12	-0.4145824	9817
Fbxl6	5.25E-05	-0.4146858	4562
Adprh	1.65E-07	-0.4159335	6250
Mosmo	1.09E-06	-0.4180863	5433
Nmt1	9.51E-34	-0.4186157	20980
Snap47	3.25E-07	-0.419558	6043
Mgat5	1.01E-08	-0.4229684	6692
Ly96	7.95E-11	-0.4232331	8220
Kctd1	0.0003885911	-0.423388	4084
Eef1akmt4	0.004224074	-0.4236104	3290
Lmbrd1	3.08E-07	-0.4240935	5666
Rhob	1.04E-17	-0.4241716	34426
Eno3	1.92E-07	-0.4244477	9209
Tmem70	8.14E-12	-0.4258	8574
Dynll2	5.72E-28	-0.4261941	18592
Mcc	0.0006218716	-0.4268844	3855
Rgs19	7.39E-05	-0.427486	4351
Sqstm1	2.47E-22	-0.4277446	32004
Tada2a	0.02288628	-0.428447	2782
1190005I06Rik	0.011251152	-0.4299652	3305
Eef2kmt	6.51E-06	-0.4306352	4686
Ifi35	3.09E-09	-0.4309496	7147
Tpm2	1.32E-18	-0.4322647	23540
Imp4	1.47E-16	-0.4330313	10848
Ube2l3	2.89E-76	-0.4331942	54636
Nme1	2.89E-111	-0.4334586	154243
Oasl1	2.80E-09	-0.4353856	9006
Tuft1	0.00015644502	-0.4365727	4669
Aldh7a1	4.97E-08	-0.4368658	6330
Creb3l2	1.98E-13	-0.4387212	9154
Serpinb9	6.17E-09	-0.4398408	10070
Gpr39	1.56E-07	-0.4404063	5805
Yars2	0.00018981696	-0.4407209	3756
Adap1	0.02246352	-0.4408409	2827
Bcs1l	0.03002874	-0.4426536	2513
Prim2	0.0002479158	-0.4444515	3841
Bop1	4.18E-12	-0.4445189	7720
Tmem185b	0.00019479675	-0.4494088	3563
Map2k5	8.97E-08	-0.4501712	5326
Rabif	4.45E-05	-0.4516957	3841
Pecr	0.017147136	-0.4527223	2567
Cbr1	9.83E-08	-0.4532503	9338
Tctex1d2	7.79E-06	-0.4539487	4245
Nme2	0.0012720633	-0.4547514	3015
Krt13	0.012414402	-0.45533	3294
Sdhaf4	6.96E-22	-0.4555368	14455
Snrnp25	1.48E-12	-0.4585777	7578
Ppil3	1.01E-21	-0.4604646	11796
Mfhas1	2.21E-09	-0.4617557	6484
Coa3	8.95E-43	-0.4617644	26666
Gsap	4.36E-05	-0.4635697	3954
Fbxl20	0.007503327	-0.4639096	2743
Cpped1	0.029187	-0.4640119	2289
Nit2	1.22E-05	-0.4644149	4195
Sdcbp2	5.89E-14	-0.4648282	16053
Rnf216	0.002141837	-0.4670614	2948
Gemin5	0.004608095	-0.468072	2670
Prkcd	2.54E-07	-0.4682162	4830
Ctso	0.00418158	-0.4687476	2786
Smurf2	0.002302319	-0.4700152	2874
Parm1	8.69E-16	-0.470329	10845
Cisd3	1.06E-24	-0.4703431	14354
Coasy	5.08E-08	-0.4712888	4915
Slc16a2	9.70E-06	-0.472309	4050
Bpnt1	8.92E-16	-0.4726756	8687
Med7	1.43E-12	-0.4731487	6961
Cdkn2aipnl	8.54E-17	-0.47375	9171
Cxcl16	9.07E-30	-0.4749709	24746
Panx1	0.02835038	-0.4752355	2293
Sytl2	1.66E-06	-0.4783614	4856
Fbln1	0.02183703	-0.4809684	2728
Fn1	6.25E-17	-0.4821953	48897
Fam210b	0.04172652	-0.4844859	2370
Phf20	1.75E-07	-0.4858116	4731
Map4k4	1.01E-34	-0.4908201	21902
Bin1	2.27E-23	-0.4940505	11963
Tmem132a	0.0002890888	-0.494943	2882
Nudt16l1	3.61E-06	-0.4968686	3565
Pam16	1.15E-40	-0.4971743	19068
Arhgef5	3.42E-21	-0.4985966	12130
Akr1c12	1.41E-11	-0.4990254	7201
Acadl	2.60E-60	-0.501807	31502
Pnkd	5.82E-40	-0.5030474	19140
Ebpl	5.54E-06	-0.5031645	4250
Parp12	0.03086732	-0.5046307	2169
Ifi204	2.04E-05	-0.5062421	4473
Cnnm4	0.0230971	-0.5066717	2319
Rdh10	2.24E-21	-0.5073247	36139
Mmd	5.78E-10	-0.5095351	8298
Thap7	4.34E-12	-0.5102302	5821
Tubg1	4.84E-14	-0.5106709	6600
Emp3	5.90E-147	-0.5113921	136877
Nol4l	0.007355064	-0.513292	2326
Hk2	6.39E-21	-0.5135421	19762
Atox1	7.32E-161	-0.5138273	129536
Amer2	0.00556686	-0.516166	2148
Comtd1	6.00E-17	-0.5166725	7904
Bfar	4.45E-16	-0.5173	7235
Ntan1	1.30E-34	-0.5206445	15356
Smyd3	0.01146209	-0.523776	2130
Uap1	1.06E-25	-0.5248195	14694
Kif3a	2.67E-14	-0.5253579	6786
Snap29	6.04E-08	-0.5281271	3869
8-Sep	6.39E-09	-0.5318218	4245
Ctsl	7.09E-73	-0.5336766	67573
Ankrd39	0.000822206	-0.5369733	2346
Rab4a	0.0003410511	-0.5383909	2591
Gin1	4.65E-07	-0.5387262	3390
Bag2	1.09E-15	-0.5387697	7397
Tango2	3.94E-06	-0.5400961	3035
Gjb5	1.98E-15	-0.5401837	7117
Tnk2	4.35E-08	-0.5425763	4049
Pdxdc1	3.46E-19	-0.5436997	7803
Ccdc191	0.006290718	-0.5462443	2120
Tsix	4.51E-23	-0.5514011	9547
Pi4ka	3.29E-05	-0.553471	2589
Cdkn2b	1.62E-28	-0.5536334	14251
Idnk	6.77E-12	-0.5554004	5031
Lyrm9	4.33E-06	-0.5607432	3038
Sp3os	1.97E-11	-0.5622833	4776
Mal2	6.82E-11	-0.5642868	6315
Mapk9	1.62E-07	-0.5667476	3256
Tcn2	7.46E-06	-0.5682525	3485
Smyd2	2.89E-21	-0.5683166	8158
Xist	1.70E-144	-0.5683379	439674
H3f3a	1.99E-225	-0.5688957	172278
Calcrl	0.03629716	-0.569042	1650
Mrpl38	1.57E-47	-0.5719047	22815
Ezh1	0.003989328	-0.5817227	1834
Ddc	6.38E-13	-0.5834613	6106
Adgrg2	0.00012149284	-0.5857642	2675
Lzts2	5.39E-06	-0.5862914	2869
Nostrin	9.32E-08	-0.5872536	3323
Rnf128	1.08E-28	-0.5892587	11709
Ubtd2	0.0002869416	-0.5897533	1982
Itga5	1.17E-07	-0.5914374	3266
Efhd2	1.81E-33	-0.5929197	12888
Pip4k2a	3.05E-06	-0.5941273	2643
Dhrs3	2.92E-17	-0.598339	9380
Gstm5	1.24E-13	-0.5991659	6031
Itgb6	0.020135882	-0.5999576	1970
Pbdc1	2.37E-57	-0.6025521	20941
Fam69a	5.92E-16	-0.6036446	5367
Nol3	0.0001063121	-0.6062178	2373
Lefty1	7.29E-18	-0.6104353	5980
Gsdmd	2.53E-44	-0.6109201	15118
Glrp1	5.89E-12	-0.6146276	4848
Nsmce3	3.12E-12	-0.6158742	4346
Scrn2	4.47E-05	-0.6161204	2126
Tmem41a	2.41E-11	-0.6164778	4036
Neurl3	1.03E-07	-0.6197285	4270
Raph1	6.40E-40	-0.6199543	17092
3300005D01Rik	2.64E-05	-0.6231142	2736
Adssl1	0.00469317	-0.6259856	1841
Prdx6	8.51E-105	-0.6307949	44085
Nr1d1	0.00011412906	-0.6310387	2474
Abcc1	1.46E-13	-0.6325812	4274
Ggct	3.65E-07	-0.6330952	12271
Ackr3	4.97E-06	-0.6356588	3784
Mb21d2	0.0016343238	-0.6357959	1631
Cfb	2.42E-05	-0.6366908	2093
Phlda3	6.08E-35	-0.6438249	11563
Igfbp4	5.03E-119	-0.6464614	137870
Fbxo36	0.000293409	-0.6467448	1919
Mlph	1.24E-37	-0.6483658	11607
Pdgfb	2.93E-15	-0.6505077	5586
Gdpd1	4.60E-11	-0.6513464	3865
Prr15l	8.87E-19	-0.6546647	7744
Cldn6	1.28E-05	-0.6546729	3011
Ydjc	2.31E-08	-0.6548985	2804
Atp7a	4.03E-06	-0.6582649	2523
Tmem140	3.87E-06	-0.6607966	2303
Chrna1	0.0019664194	-0.6642956	2142
Tnip1	2.44E-32	-0.6763462	8766
Myo7a	0.0296086	-0.6838212	1172
Egfr	0.0010634088	-0.6928891	1504
Fer1l6	6.78E-10	-0.6979122	3603
Oxld1	0.02625204	-0.6983319	1079
Lrrc42	1.79E-17	-0.7042738	4332
Itm2c	1.43E-31	-0.7052329	9238
Slc39a4	5.87E-27	-0.7057114	6771
Sema4g	0.019168884	-0.7077928	3202
Aim2	2.05E-38	-0.7122341	9070
Cerk	1.59E-05	-0.7185975	1745
Crisp1	3.69E-10	-0.7211231	152734
Mtmr7	4.41E-12	-0.7230643	3215
Pdia5	4.23E-07	-0.723266	2101
Atp2a3	6.34E-05	-0.7244898	2105
Gmfg	4.38E-05	-0.7249933	1714
Wipi1	1.42E-11	-0.7256346	3220
Tigd2	5.82E-08	-0.7308883	2264
Apob	5.71E-27	-0.7353001	13440
Lgals4	6.07E-21	-0.7360611	51931
Il18rap	5.03E-20	-0.7389615	4787
Fuom	0.0002890888	-0.7480889	1735
Gbp7	0.03525537	-0.7482917	1270
Gm26870	0.0005440174	-0.7583662	12605
Cdh6	3.44E-20	-0.7597591	6896
Stra6	3.42E-16	-0.7598929	4935
Adamts1	3.01E-10	-0.7645779	5996
Nes	1.12E-41	-0.7648183	16294
Gm6710	5.78E-06	-0.7651166	1695
Arap3	8.29E-07	-0.7681358	1819
Rnasel	4.88E-06	-0.769932	1646
9530053A07Rik	1.94E-05	-0.7701021	1548
Glul	1.35E-58	-0.7721974	19520
Mapk11	0.000509527	-0.7728491	1114
Lpcat4	2.30E-29	-0.7769293	6259
Slfn2	4.94E-32	-0.7797339	10412
Gjb4	4.65E-45	-0.8006396	15143
Rdm1	4.12E-05	-0.8045118	1443
Dsg2	3.20E-19	-0.8068333	4660
Map4k1	1.19E-13	-0.8082015	2704
C4bp	0.009834052	-0.8110444	1392
Ms4a8a	0.014971264	-0.8137908	1969
Carhsp1	3.24E-90	-0.81764	18548
Ctse	7.92E-54	-0.818011	39696
Zfp995	0.00017682112	-0.819937	1169
Upp1	6.46E-45	-0.8303478	18805
Serpinb5	5.06E-22	-0.8332356	7034
Nkain1	0.00015969138	-0.8337938	1080
Il1rn	1.31E-39	-0.836977	16750
Mettl22	2.92E-05	-0.8390555	1264
Hao1	0.000509527	-0.8466454	1462
Pfkfb3	1.48E-05	-0.8516546	1634
Marcksl1	4.07E-43	-0.8619436	11536
Cxcl1	7.02E-21	-0.8649	64129
Mndal	0.0021397838	-0.8848065	1404
Akr1b10	7.92E-06	-0.8848681	1359
Vegfc	6.33E-16	-0.8962742	2991
Cthrc1	0.0008781374	-0.8980969	1629
Fbxo32	6.85E-07	-0.8996843	2252
Akr1c13	1.83E-56	-0.9001699	12473
C2	0.0014331112	-0.910126	1088
Gm16104	5.27E-09	-0.9126013	1973
Car2	5.96E-09	-0.913213	10510
Ugt2b35	7.13E-09	-0.9215462	2207
Ppic	6.25E-36	-0.9270263	6868
Il18r1	2.62E-25	-0.9298647	4329
Lgr6	2.62E-08	-0.9324762	1497
Nbl1	4.57E-57	-0.9371698	11618
Gc	0.0442302	-0.9403923	2373
Nr0b2	1.87E-07	-0.9454371	1574
Ptger3	6.40E-07	-0.9458757	1473
Msrb2	6.39E-09	-0.9468292	1498
Pdlim2	2.69E-24	-0.947042	3873
Sult1c2	3.49E-11	-0.9495293	6423
Tmem151a	2.55E-16	-0.9538217	2989
Gm20186	1.18E-28	-0.9590796	12255
Smagp	2.70E-06	-0.9676072	1351
Il3ra	5.40E-11	-0.9698544	1766
Enah	1.85E-05	-0.9724942	1461
Ar	0.001166616	-0.9727382	1177
Pglyrp1	2.65E-07	-0.9775097	2636
Sptssb	2.80E-16	-0.9848513	20957
Zcchc24	2.02E-09	-0.9866115	1477
Sfn	2.11E-16	-0.9883337	6145
Cmtm8	1.01E-59	-0.9940623	12175
Igfbp3	4.29E-19	-0.9962857	11046
Celf2	1.23E-62	-1.0009049	10319
Vill	4.69E-17	-1.001161	2663
M1ap	1.06E-09	-1.010351	1325
Nudt7	3.03E-08	-1.0105321	1330
Slc9a2	6.03E-10	-1.0109769	1369
Serpinb9b	0.007819224	-1.0243042	1477
Atp7b	4.83E-11	-1.027665	1938
Slco2a1	1.56E-29	-1.042145	5466
Olfml2b	2.18E-30	-1.0549753	3796
Cfh	5.90E-09	-1.0632479	3502
Ralgps2	4.79E-98	-1.0669082	13657
Bmp2	2.36E-23	-1.0690688	7693
Ggh	9.37E-92	-1.0833232	16199
Hspa1a	1.65E-17	-1.087	7397
Dab2	1.82E-28	-1.09548	4347
Fblim1	2.39E-50	-1.1024906	6257
Ccdc91	3.26E-23	-1.103906	2461
P3h4	1.61E-74	-1.1144576	8820
Cmbl	1.53E-33	-1.1198016	4458
B230307C23Rik	4.96E-25	-1.133055	2558
Gm14305	4.12E-15	-1.1526536	1564
Ramp1	2.66E-24	-1.1696646	5088
Ifi203	1.01E-17	-1.1749809	2994
Syngr1	3.49E-13	-1.2064462	1901
Rab32	6.77E-18	-1.2068426	1669
Ctsc	1.30E-72	-1.2239155	9378
Sord	5.51E-08	-1.2242733	1122
Loxl3	1.91E-08	-1.2309647	1008
Eps8l3	1.65E-08	-1.243903	1372
Spns3	2.10E-12	-1.2536648	1145
Fcho1	9.96E-17	-1.254866	1564
Cald1	7.06E-195	-1.2809789	38437
Gjb1	1.75E-10	-1.283473	1625
Gsta4	4.28E-109	-1.2853891	74539
Cftr	2.18E-25	-1.291242	6799
Sema4f	1.42E-22	-1.2971516	1815
2210016F16Rik	5.59E-18	-1.3003231	1800
AC167229.1	8.13E-13	-1.3074016	4798
Oasl2	9.24E-11	-1.3086259	1588
Creg1	4.67E-93	-1.3104379	10312
Npb	3.76E-09	-1.3270857	1026
Cym	5.10E-05	-1.3286697	7569
Bvht	5.76E-16	-1.3330332	1212
Cxcl2	1.44E-08	-1.3476011	12684
Dok2	1.11E-18	-1.3490709	1841
Wt1	3.05E-31	-1.350259	2384
Gm47283	1.19E-131	-1.3504155	12223
Tnnt2	3.22E-95	-1.3609736	23703
Fst	0.002558381	-1.3810636	1331
Cd302	1.45E-16	-1.4189861	1366
Apol9b	3.86E-14	-1.425749	1456
Naprt	1.14E-22	-1.431846	1559
Cxcl3	1.14E-09	-1.4713823	9073
Cfi	6.64E-06	-1.4744995	1543
Wnt10a	1.01E-61	-1.4942588	6964
Rab38	5.22E-15	-1.4956938	1162
AA467197	3.17E-37	-1.5013913	14926
Fas	2.91E-22	-1.5208942	1416
Cybb	1.51E-17	-1.5368898	1950
Lgals2	6.64E-222	-1.5696849	286163
Bace2	3.50E-38	-1.5771278	3245
Epha4	4.29E-37	-1.6162055	2652
Cyba	2.05E-242	-1.6164356	40970
Lamb3	2.39E-27	-1.6230159	2280
Jam2	2.28E-17	-1.6253364	1690
Aldh1a3	3.73E-65	-1.6452258	15061
Ddah1	6.99E-65	-1.6631853	6229
Mal	7.73E-23	-1.6846456	4127
Fkbp10	6.86E-49	-1.7102933	2770
Mgst1	2.64E-36	-1.7146144	5886
Gpx2	0.03274995	-1.7300636	1881
Ptgs1	1.71E-61	-1.7943337	4010
Tmem176b	6.75E-144	-1.8112515	33119
Tenm1	2.82E-33	-1.8185463	2025
Ces2g	6.58E-14	-1.8648612	1818
Snhg18	4.72E-31	-1.8948823	2776
Tmem176a	7.24E-136	-1.9471437	17017
Serinc2	5.51E-08	-1.9702998	1271
Psmb8	5.41E-22	-2.0103862	1076
Mt3	1.16E-23	-2.0232395	1675
C3	3.51E-43	-2.0247344	12457
Lbp	9.54E-24	-2.028595	3509
Add2	4.40E-31	-2.041674	1813
Spats2l	1.04E-33	-2.0546378	1386
Nebl	8.08E-48	-2.0575232	1637
AW112010	1.86E-114	-2.0599762	32235
Fabp5	4.77E-42	-2.0681349	4689
Sparc	1.60E-70	-2.0818656	12809
Acot1	1.49E-19	-2.0899262	1385
Fam189a2	9.36E-28	-2.1035477	1138
Shf	6.13E-23	-2.1217433	1112
Abcg2	1.55E-49	-2.1586284	2175
Dclk1	2.15E-61	-2.1811491	3332
Dbn1	1.67E-16	-2.1884249	1028
Tmem45b	7.19E-19	-2.2301672	1350
Csf2	5.38E-31	-2.255664	11894
Epcam	2.87E-12	-2.2605768	5569
Slurp1	8.61E-15	-2.2742315	2989
Havcr2	5.20E-37	-2.3407986	1194
Trf	7.60E-43	-2.3996294	22670
Glod5	1.51E-14	-2.3997231	2889
Vil1	1.53E-51	-2.4237655	2156
Amotl1	2.28E-46	-2.4501758	1703
Fscn1	1.60E-26	-2.5108146	1475
Timp3	6.85E-17	-2.5767986	2301
Mcpt8	1.50E-32	-2.6514262	3754
Mmp13	1.07E-25	-2.7205506	5284
Pdlim4	8.63E-36	-2.7441862	1968
Vcan	1.12E-54	-2.899755	1794
Car8	3.69E-43	-2.9445876	2333
Dsc2	6.45E-40	-2.950659	1227
Maged2	6.90E-64	-3.0297763	2200
Xdh	3.37E-54	-3.0824523	1483
Dynlt3	2.71E-177	-3.0871026	5867
Myo1b	4.08E-57	-3.0895627	1140
Gabrp	6.01E-27	-3.1096447	1394
Gm30692	1.01E-42	-3.1135635	1082
Ccl2	3.75E-23	-3.3815944	2611
Gm3776	8.16E-30	-3.406248	1336
Tff2	4.91E-05	-3.4075934	19768
Ntpcr	1.10E-47	-3.4655641	1291
Tff1	6.23E-17	-3.4706635	28928
Spink4	2.19E-19	-3.491608	3550
Krt14	2.38E-36	-3.5358296	2848
2210407C18Rik	1.00E-27	-3.5923232	23636
Ehd3	4.90E-64	-3.6795832	1509
Enpp2	3.12E-57	-3.71927	1544
Gsta1	7.28E-90	-3.7446365	14162
Prdx4	1.89E-225	-3.8198429	9122
Gkn3	1.56E-05	-3.8786876	1901
Pdpn	1.71E-37	-3.9115359	1324
Tnip3	5.30E-211	-3.996956	8186
Htatip2	6.83E-85	-4.1179536	1498
Mcpt4	1.27E-13	-4.1646234	1662
Gkn1	1.78E-05	-4.1841723	8263
Mcpt2	3.30E-49	-4.2262214	9386
Mcpt1	2.45E-39	-4.9534937	5314
Tm4sf5	2.49E-156	-5.6991266	10065
